Date,ITUB4,PETR4,VALE3,WEGE3,IBOV
2015-01-02,8.421250343322754,2.3447835445404053,9.710405349731445,4.698604583740234,48512.0
2015-01-05,8.463570594787598,2.1443748474121094,9.564385414123535,4.730640411376953,47517.0
2015-01-06,8.600479125976562,2.0742316246032715,9.9476900100708,4.660468101501465,48001.0
2015-01-07,8.911638259887695,2.171931028366089,10.312743186950684,4.60707426071167,49463.0
2015-01-08,9.051039695739746,2.3122169971466064,10.422259330749512,4.684876918792725,49943.0
2015-01-09,8.655243873596191,2.3823599815368652,10.198665618896484,4.66351842880249,48840.0
2015-01-12,8.446135520935059,2.214517831802368,10.330995559692383,4.637584209442139,48140.0
2015-01-13,8.436182975769043,2.2771449089050293,10.271675109863281,4.654364585876465,48042.0
2015-01-14,8.49343490600586,2.2320542335510254,9.445745468139648,4.7291154861450195,47646.0
2015-01-15,8.418763160705566,2.332258462905884,9.555256843566895,4.7291154861450195,48026.0
2015-01-16,8.548203468322754,2.3648242950439453,9.984196662902832,4.7291154861450195,49017.0
2015-01-19,8.239527702331543,2.2971866130828857,9.879240989685059,4.7535247802734375,47758.0
2015-01-20,8.266914367675781,2.332258462905884,9.92031192779541,4.813021183013916,47877.0
2015-01-21,8.510865211486816,2.4800586700439453,10.075460433959961,4.761152744293213,49224.0
2015-01-22,8.553179740905762,2.5627269744873047,9.997886657714844,4.800814151763916,49443.0
2015-01-23,8.471035957336426,2.5001003742218018,9.363606452941895,4.857259273529053,48775.0
2015-01-26,8.570602416992188,2.462523937225342,8.934670448303223,4.799290657043457,48577.0
2015-01-27,8.538248062133789,2.540181875228882,8.670002937316895,4.8801445960998535,48591.0
2015-01-28,8.36400032043457,2.2821555137634277,8.619810104370117,4.927433490753174,47695.0
2015-01-29,8.306735038757324,2.171931028366089,8.236506462097168,5.038797378540039,47762.0
2015-01-30,8.18974781036377,2.0792415142059326,8.492043495178223,4.8938703536987305,46908.0
2015-02-02,8.298080444335938,2.2019922733306885,9.007676124572754,5.0250678062438965,47651.0
2015-02-03,8.52968692779541,2.49759578704834,9.52331829071045,4.9854044914245605,48964.0
2015-02-04,8.843481063842773,2.5101208686828613,9.377297401428223,5.0098114013671875,49301.0
2015-02-05,8.768768310546875,2.462523937225342,9.331664085388184,4.9960832595825195,49234.0
2015-02-06,8.748841285705566,2.2846617698669434,9.317975997924805,4.9854044914245605,48792.0
2015-02-09,8.803638458251953,2.3548033237457275,9.851863861083984,4.993031024932861,49383.0
2015-02-10,8.691567420959473,2.2320542335510254,9.30884838104248,5.124225616455078,48510.0
2015-02-11,8.544633865356445,2.2746407985687256,9.628271102905273,5.0876145362854,48240.0
2015-02-12,8.769233703613281,2.3673298358917236,9.847301483154297,5.029644012451172,49533.0
2015-02-13,9.060173034667969,2.5126254558563232,10.257987976074219,4.948790073394775,50636.0
2015-02-18,9.113765716552734,2.5151312351226807,10.362937927246094,4.942689418792725,51280.0
2015-02-19,9.111221313476562,2.432462453842163,10.084583282470703,5.034219264984131,51294.0
2015-02-20,9.159712791442871,2.414926528930664,10.321869850158691,4.957944869995117,51238.0
2015-02-23,9.24903678894043,2.379854917526245,9.865553855895996,4.935060024261475,51281.0
2015-02-24,9.346014976501465,2.4800586700439453,10.057208061218262,4.957944869995117,51874.0
2015-02-25,9.36898422241211,2.3548033237457275,10.102837562561035,4.866997718811035,51811.0
2015-02-26,9.414924621582031,2.3122169971466064,9.696717262268066,4.847039222717285,51761.0
2015-02-27,9.31539249420166,2.392380475997925,9.696717262268066,4.69503927230835,51583.0
2015-03-02,9.273262023925781,2.359813928604126,9.381858825683594,4.771807670593262,51021.0
2015-03-03,9.344756126403809,2.397390365600586,9.486811637878418,4.866997718811035,51304.0
2015-03-04,9.263047218322754,2.322237491607666,9.304285049438477,4.859322547912598,50468.0
2015-03-05,9.181342124938965,2.3147222995758057,8.898164749145508,4.805583953857422,50365.0
2015-03-06,8.936238288879395,2.3172271251678467,8.93923282623291,4.830151081085205,49981.0
2015-03-09,8.703889846801758,2.234558343887329,8.916418075561523,4.76873779296875,49181.0
2015-03-10,8.361762046813965,2.13435435295105,8.715638160705566,4.71346378326416,48293.0
2015-03-11,8.645174026489258,2.1894664764404297,8.606119155883789,4.779483318328857,48906.0
2015-03-12,8.680915832519531,2.12182879447937,8.606119155883789,4.859322547912598,48880.0
2015-03-13,8.637507438659668,2.0892624855041504,8.615246772766113,4.836292743682861,48596.0
2015-03-16,8.637507438659668,2.101787567138672,8.624372482299805,4.71346378326416,48848.0
2015-03-17,8.885169982910156,2.2195277214050293,9.071564674377441,4.727283477783203,50285.0
2015-03-18,9.153260231018066,2.304701805114746,8.93923282623291,4.79637336730957,51526.0
2015-03-19,9.09709358215332,2.234558343887329,8.738451957702637,4.773344039916992,50954.0
2015-03-20,9.173683166503906,2.3097121715545654,9.240400314331055,4.819403648376465,51967.0
2015-03-23,9.11496639251709,2.337268352508545,9.299720764160156,4.736495494842529,51908.0
2015-03-24,9.05879020690918,2.359813928604126,8.934670448303223,4.721142768859863,51506.0
2015-03-25,9.051136016845703,2.4550087451934814,9.016806602478027,4.767871379852295,51858.0
2015-03-26,8.795814514160156,2.337268352508545,8.633500099182129,4.6816558837890625,50580.0
2015-03-27,8.642621040344238,2.3447835445404053,8.373400688171387,4.770949363708496,50095.0
2015-03-30,8.933677673339844,2.432462453842163,8.49660587310791,4.901805877685547,51243.0
2015-03-31,9.015389442443848,2.4199373722076416,8.186311721801758,4.89564847946167,51150.0
2015-04-01,9.323183059692383,2.5702438354492188,8.0037841796875,4.978785037994385,52322.0
2015-04-02,9.41257381439209,2.6779630184173584,8.213688850402832,4.975704669952393,53123.0
2015-04-06,9.527523040771484,2.6829733848571777,8.273008346557617,4.988020420074463,53737.0
2015-04-07,9.532633781433105,2.735581874847412,8.670002937316895,5.009573936462402,53729.0
2015-04-08,9.578615188598633,2.6479012966156006,8.555928230285645,5.003417491912842,53661.0
2015-04-09,9.387041091918945,2.9009180068969727,8.578740119934082,4.938755989074707,53803.0
2015-04-10,9.456003189086914,2.95853590965271,8.405343055725098,4.963388919830322,54214.0
2015-04-13,9.381930351257324,3.0737709999084473,8.323205947875977,4.954150199890137,54240.0
2015-04-14,9.381930351257324,3.121368169784546,8.555928230285645,5.003417491912842,53982.0
2015-04-15,9.51730728149414,3.341817855834961,8.76890754699707,4.997258186340332,54919.0
2015-04-16,9.445788383483887,3.2516331672668457,8.514325141906738,4.907965660095215,54674.0
2015-04-17,9.325733184814453,3.2441179752349854,8.391748428344727,4.898727893829346,53955.0
2015-04-20,9.169927597045898,3.2741799354553223,8.358748435974121,4.843307018280029,53761.0
2015-04-22,9.425349235534668,3.256643772125244,9.169638633728027,4.818674564361572,54617.0
2015-04-23,9.680782318115234,3.2240774631500244,9.94281005859375,4.8463850021362305,55685.0
2015-04-24,9.994963645935059,3.311755895614624,10.937560081481934,4.901805877685547,56594.0
2015-04-27,9.808494567871094,3.1363985538482666,11.060137748718262,4.880252838134766,55535.0
2015-04-28,9.908110618591309,3.1990268230438232,10.631123542785645,4.834070205688477,55812.0
2015-04-29,9.772743225097656,3.2115511894226074,9.952239990234375,4.880252838134766,55325.0
2015-04-30,9.841697692871094,3.2716739177703857,10.678269386291504,4.938755989074707,56229.0
2015-05-04,9.952855110168457,3.4545469284057617,11.68244743347168,5.111183166503906,57354.0
2015-05-05,9.855756759643555,3.6148746013641357,12.757347106933594,5.17584228515625,58052.0
2015-05-06,9.607893943786621,3.4545469284057617,11.753168106079102,5.120420455932617,57103.0
2015-05-07,9.646219253540039,3.4219815731048584,11.258146286010742,5.129656791687012,56921.0
2015-05-08,9.773988723754883,3.3844051361083984,10.725412368774414,5.203553199768066,57149.0
2015-05-11,9.727986335754395,3.449537992477417,10.975279808044434,5.240501403808594,57197.0
2015-05-12,9.684548377990723,3.439516305923462,10.52740478515625,5.280529022216797,56792.0
2015-05-13,9.61811351776123,3.502145290374756,10.183248519897461,5.22202730178833,56372.0
2015-05-14,9.712656021118164,3.482102870941162,10.055956840515137,5.360584735870361,56657.0
2015-05-15,9.894083976745605,3.5171754360198975,10.032384872436523,5.33287239074707,57249.0
2015-05-18,9.630895614624023,3.432001829147339,9.542081832885742,5.311318397521973,56204.0
2015-05-19,9.495464324951172,3.2290875911712646,9.485508918762207,5.234344482421875,55499.0
2015-05-20,9.32681655883789,3.2165615558624268,9.358216285705566,5.271292209625244,54901.0
2015-05-21,9.214378356933594,3.3768882751464844,9.546793937683105,5.295923233032227,55112.0
2015-05-22,9.020179748535156,3.2741799354553223,9.551507949829102,5.326712608337402,54377.0
2015-05-25,9.053396224975586,3.214056968688965,9.697656631469727,5.4621901512146,54609.0
2015-05-26,8.920520782470703,3.1038315296173096,9.801376342773438,5.271292209625244,53630.0
2015-05-27,9.101944923400879,3.1414077281951904,9.876811027526855,5.354426383972168,54236.0
2015-05-28,8.994620323181152,3.168964385986328,9.683514595031738,5.295923233032227,53976.0
2015-05-29,8.772313117980957,3.0888020992279053,9.452505111694336,5.265130996704102,52760.0
2015-06-01,8.712234497070312,3.096315860748291,9.44779109954834,5.302079677581787,53031.0
2015-06-02,8.90652847290039,3.2265822887420654,10.065386772155762,5.434481620788574,54236.0
2015-06-03,8.681562423706055,3.204035997390747,9.84852123260498,5.434481620788574,53523.0
2015-06-05,8.474493980407715,3.1489241123199463,9.711801528930664,5.5022172927856445,52973.0
2015-06-08,8.438700675964355,3.1489241123199463,9.476078987121582,5.489902496337891,52810.0
2015-06-09,8.385018348693848,3.256643772125244,9.419504165649414,5.554562091827393,52816.0
2015-06-10,8.630431175231934,3.276683807373047,9.999383926391602,5.588429927825928,53876.0
2015-06-11,8.576751708984375,3.2816948890686035,10.055956840515137,5.650012016296387,53689.0
2015-06-12,8.48727035522461,3.2616541385650635,9.975813865661621,5.582272052764893,53348.0
2015-06-15,8.530726432800293,3.2591493129730225,9.589224815368652,5.542245388031006,53138.0
2015-06-16,8.832383155822754,3.351837396621704,9.311074256896973,5.634614944458008,53702.0
2015-06-17,8.676445007324219,3.2917160987854004,9.17906379699707,5.677722930908203,53249.0
2015-06-18,8.891190528869629,3.3693737983703613,9.617511749267578,5.699275016784668,54239.0
2015-06-19,8.791482925415039,3.294219970703125,9.579795837402344,5.770094871520996,53749.0
2015-06-22,8.817056655883789,3.299229860305786,9.28278636932373,5.847070693969727,53864.0
2015-06-23,8.903969764709473,3.249128818511963,9.339360237121582,5.7978057861328125,53772.0
2015-06-24,8.934646606445312,3.311755895614624,9.334643363952637,5.803615570068359,53843.0
2015-06-25,8.781264305114746,3.1564388275146484,9.108348846435547,5.8931379318237305,53176.0
2015-06-26,8.857951164245605,3.309251308441162,9.249784469604492,5.9301838874816895,54017.0
2015-06-29,8.745471000671387,3.219067335128784,9.051775932312012,5.85300874710083,53014.0
2015-06-30,8.748027801513672,3.178985357284546,8.622761726379395,5.868443965911865,53081.0
2015-07-01,8.797900199890137,3.0462143421173096,8.537899017333984,6.013533592224121,52758.0
2015-07-02,8.915539741516113,3.0938122272491455,8.51904296875,6.041316986083984,53106.0
2015-07-03,8.826033592224121,2.9460103511810303,8.335176467895508,6.121579170227051,52519.0
2015-07-06,8.675137519836426,2.8833823204040527,8.321032524108887,6.115405082702637,52149.0
2015-07-07,8.708381652832031,2.9485156536102295,8.453038215637207,6.1740570068359375,52344.0
2015-07-08,8.608638763427734,2.870856523513794,8.0900239944458,6.10305643081665,51782.0
2015-07-10,8.869505882263184,2.95853590965271,8.06645393371582,6.047490119934082,52591.0
2015-07-13,8.951349258422852,2.9535248279571533,8.72176742553711,6.069101333618164,53119.0
2015-07-14,8.95749282836914,3.003627300262451,8.401180267333984,6.0968828201293945,53239.0
2015-07-15,8.80275821685791,2.9510200023651123,8.06645393371582,6.093795299530029,52902.0
2015-07-16,8.828071594238281,3.003627300262451,8.316319465637207,6.109231948852539,53070.0
2015-07-17,8.774625778198242,2.8583312034606934,8.22674560546875,6.059840202331543,52342.0
2015-07-20,8.721171379089355,2.703014850616455,8.16074275970459,6.050577640533447,51600.0
2015-07-21,8.648030281066895,2.687983989715576,8.27388858795166,6.109231948852539,51474.0
2015-07-22,8.51298999786377,2.5952935218811035,8.151313781738281,6.143189907073975,50916.0
2015-07-23,8.158515930175781,2.5351719856262207,8.165454864501953,6.106145858764648,49807.0
2015-07-24,8.121940612792969,2.5126254558563232,7.915589809417725,6.15553617477417,49246.0
2015-07-27,8.105069160461426,2.379854917526245,7.901449203491211,6.066011905670166,48736.0
2015-07-28,8.254166603088379,2.5101208686828613,8.52846908569336,5.865356922149658,49602.0
2015-07-29,8.335753440856934,2.6804680824279785,8.651046752929688,5.670949459075928,50245.0
2015-07-30,8.231664657592773,2.610325336456299,8.22674560546875,5.664751052856445,49897.0
2015-07-31,8.46235466003418,2.627861499786377,8.424753189086914,5.801173210144043,50865.0
2015-08-03,8.421537399291992,2.5126254558563232,8.292747497558594,5.819777488708496,50138.0
2015-08-04,8.21888256072998,2.5451927185058594,8.533186912536621,5.909693717956543,50058.0
2015-08-05,8.204806327819824,2.507615566253662,8.962199211120605,5.788773536682129,50287.0
2015-08-06,8.173844337463379,2.5902838706970215,9.230926513671875,5.726762771606445,50011.0
2015-08-07,7.934603214263916,2.4274513721466064,8.684048652648926,5.6430439949035645,48577.0
2015-08-10,8.038741111755371,2.5026051998138428,9.1224946975708,5.736063003540039,49353.0
2015-08-11,8.02185344696045,2.5001003742218018,8.76890754699707,5.739160060882568,49072.0
2015-08-12,7.791046619415283,2.4600186347961426,8.919770240783691,5.553130149841309,48388.0
2015-08-13,7.6103386878967285,2.379854917526245,8.712333679199219,5.534524440765381,48010.0
2015-08-14,7.601783275604248,2.3297533988952637,8.580327987670898,5.398097991943359,47508.0
2015-08-17,7.521975040435791,2.292175769805908,8.490755081176758,5.3081841468811035,47217.0
2015-08-18,7.64739465713501,2.2520945072174072,8.212599754333496,5.4260053634643555,47451.0
2015-08-19,7.490630149841309,2.1894664764404297,7.93916130065918,5.419801712036133,46588.0
2015-08-20,7.507725238800049,2.176941394805908,8.09473991394043,5.156254291534424,46649.0
2015-08-21,7.52482795715332,2.0792415142059326,7.873160362243652,5.227567672729492,45720.0
2015-08-24,7.370919704437256,1.9765323400497437,7.260277271270752,5.122149467468262,44336.0
2015-08-25,7.3566575050354,1.9665120840072632,7.236706733703613,5.007426738739014,44545.0
2015-08-26,7.801305294036865,2.0366547107696533,7.496002197265625,5.01672887802124,46038.0
2015-08-27,8.07779312133789,2.234558343887329,8.33989143371582,5.1624555587768555,47715.0
2015-08-28,7.846916675567627,2.2596092224121094,8.16074275970459,5.190362453460693,47154.0
2015-08-31,7.567584991455078,2.302197217941284,8.448325157165527,5.193461894989014,46626.0
2015-09-01,7.392194747924805,2.1518898010253906,8.061738967895508,5.0446343421936035,45477.0
2015-09-02,7.566157341003418,2.209507465362549,8.537899017333984,5.2306694984436035,46464.0
2015-09-03,7.854201316833496,2.194477081298828,8.830193519592285,5.2306694984436035,47366.0
2015-09-04,7.534789562225342,2.131849527359009,8.599187850952148,5.115945816040039,46498.0
2015-09-08,7.617488384246826,2.1644158363342285,8.924487113952637,5.063238143920898,46762.0
2015-09-09,7.703048229217529,2.101787567138672,8.985772132873535,4.985722541809082,46657.0
2015-09-10,7.549041271209717,1.9965733289718628,9.400646209716797,4.960917949676514,46504.0
2015-09-11,7.5633087158203125,1.918914556503296,9.169638633728027,4.973320960998535,46401.0
2015-09-14,7.868466377258301,1.9339460134506226,9.028203010559082,5.094241619110107,47282.0
2015-09-15,8.062397003173828,1.9164097309112549,8.76890754699707,5.115945816040039,47364.0
2015-09-16,8.196434020996094,2.0391604900360107,8.97634506225586,5.156254291534424,48553.0
2015-09-17,8.267729759216309,1.9690172672271729,9.188495635986328,5.193461894989014,48551.0
2015-09-18,7.942611217498779,1.9038845300674438,9.386505126953125,5.0973429679870605,47264.0
2015-09-21,7.76578950881958,1.8287310600280762,9.395930290222168,5.0384321212768555,46590.0
2015-09-22,7.839941024780273,1.746062159538269,9.17435073852539,5.119046688079834,46265.0
2015-09-23,7.529084205627441,1.7084856033325195,8.910341262817383,5.064335346221924,45340.0
2015-09-24,7.614640235900879,1.7435572147369385,8.698190689086914,5.0550031661987305,45292.0
2015-09-25,7.429269790649414,1.7084856033325195,8.453038215637207,4.908796310424805,44831.0
2015-09-28,7.4235615730285645,1.6132911443710327,7.821301460266113,4.865244388580322,43957.0
2015-09-29,7.392194747924805,1.6508678197860718,7.769440650939941,4.821694374084473,44132.0
2015-09-30,7.560457229614258,1.8136998414993286,7.816586971282959,4.8061418533325195,45059.0
2015-10-01,7.670320987701416,1.7585877180099487,8.118311882019043,4.943014144897461,45313.0
2015-10-02,7.981349468231201,1.9464709758758545,8.401180267333984,5.082999229431152,47033.0
2015-10-05,8.149712562561035,1.9589968919754028,8.552040100097656,5.207430839538574,47598.0
2015-10-06,8.223904609680176,2.051685333251953,8.63218879699707,5.194986820220947,47735.0
2015-10-07,8.457892417907715,2.12182879447937,9.499650001525879,5.23853874206543,48914.0
2015-10-08,8.489278793334961,2.191971778869629,9.457220077514648,5.0550031661987305,49107.0
2015-10-09,8.43221378326416,2.2044973373413086,9.801376342773438,4.964791297912598,49338.0
2015-10-13,7.981349468231201,2.0366547107696533,8.759479522705078,5.082999229431152,47363.0
2015-10-14,7.907155990600586,1.994067907333374,8.816052436828613,5.023894786834717,46710.0
2015-10-15,7.77589225769043,2.0040884017944336,8.943341255187988,5.036339282989502,47161.0
2015-10-16,7.658901214599609,1.9915632009506226,8.858515739440918,4.977232456207275,47236.0
2015-10-19,7.841524124145508,1.9915632009506226,8.560344696044922,4.949237823486328,47447.0
2015-10-20,7.6817307472229,2.016613721847534,8.468969345092773,4.961678981781006,47077.0
2015-10-21,7.624659061431885,1.9414608478546143,8.699810028076172,4.871467113494873,47026.0
2015-10-22,7.7844557762146,2.0090982913970947,8.901796340942383,4.930571556091309,47772.0
2015-10-23,7.733091354370117,2.0015830993652344,8.945079803466797,4.930571556091309,47597.0
2015-10-26,7.618949890136719,1.9665120840072632,8.589200973510742,4.868353366851807,47209.0
2015-10-27,7.576146125793457,1.9038845300674438,8.190037727355957,4.855915069580078,47043.0
2015-10-28,7.627511501312256,1.9915632009506226,7.968815803527832,4.715928554534912,46741.0
2015-10-29,7.419209003448486,1.9063889980316162,7.762021064758301,4.519950866699219,45628.0
2015-10-30,7.553316116333008,1.9314401149749756,8.204463005065918,4.479508399963379,45869.0
2015-11-03,8.040125846862793,2.124333143234253,8.536298751831055,4.476400375366211,48054.0
2015-11-04,8.06010913848877,2.024129867553711,8.367977142333984,4.470177173614502,47710.0
2015-11-05,8.157190322875977,2.031644582748413,8.151566505432129,4.787476539611816,48047.0
2015-11-06,8.03441333770752,1.9589968919754028,7.535990238189697,4.684820652008057,46919.0
2015-11-09,7.828837871551514,1.981542944908142,7.42537784576416,4.641270637512207,46195.0
2015-11-10,7.877382278442383,1.9063889980316162,7.396523952484131,4.501286029815674,46179.0
2015-11-11,8.09151554107666,1.9339460134506226,7.367668628692627,4.523059844970703,47065.0
2015-11-12,8.114360809326172,1.898874044418335,7.237820625305176,4.432851314544678,46884.0
2015-11-13,7.888801097869873,1.8212155103683472,7.3917131423950195,4.370632171630859,46517.0
2015-11-16,8.111503601074219,1.9289354085922241,7.237820625305176,4.417294502258301,46847.0
2015-11-17,8.16860580444336,1.9439657926559448,6.982933044433594,4.485732078552246,47248.0
2015-11-18,8.148618698120117,1.9589968919754028,7.016598224639893,4.395520210266113,47436.0
2015-11-19,8.371320724487305,1.964006781578064,7.04064416885376,4.57283353805542,48139.0
2015-11-23,8.3684720993042,2.024129867553711,6.853086471557617,4.57283353805542,48150.0
2015-11-24,8.379884719848633,2.1293442249298096,6.958887577056885,4.700376987457275,48284.0
2015-11-25,7.968745708465576,1.9790372848510742,6.7617106437683105,4.8030290603637695,46867.0
2015-11-26,8.08580493927002,1.9840476512908936,6.824230670928955,4.7750325202941895,47146.0
2015-11-27,7.871672630310059,1.9038845300674438,6.396211624145508,4.871467113494873,45873.0
2015-11-30,7.934484481811523,1.9214198589324951,6.3336944580078125,4.7283711433410645,45120.0
2015-12-01,7.995906829833984,1.8763282299041748,6.174991130828857,4.943014144897461,45047.0
2015-12-02,7.741661548614502,1.8838430643081665,6.223082542419434,4.999009609222412,44915.0
2015-12-03,8.233007431030273,1.9990785121917725,6.189417839050293,5.132771968841553,46393.0
2015-12-04,8.050178527832031,1.8838430643081665,5.939340114593506,4.852802753448486,45361.0
2015-12-07,7.9901862144470215,1.8011744022369385,5.872011661529541,5.01456356048584,45223.0
2015-12-08,7.898770332336426,1.7861436605453491,5.602697372436523,4.831027507781982,44443.0
2015-12-09,8.327286720275879,1.9164097309112549,5.809493541717529,4.8061418533325195,46108.0
2015-12-10,8.286704063415527,1.8663071393966675,6.093235015869141,4.977232456207275,45631.0
2015-12-11,8.286704063415527,1.8162051439285278,5.872011661529541,5.107884883880615,45263.0
2015-12-14,8.091057777404785,1.8061848878860474,5.992241859436035,4.877688884735107,44747.0
2015-12-15,8.14284610748291,1.8587924242019653,6.1942267417907715,4.79058837890625,44872.0
2015-12-16,8.08817195892334,1.8262250423431396,6.372166633605957,4.887023448944092,45016.0
2015-12-17,8.22628402709961,1.8036798238754272,6.126897811889648,4.808957099914551,45261.0
2015-12-18,7.748653888702393,1.7585877180099487,6.199035167694092,4.7465009689331055,43911.0
2015-12-21,7.604783058166504,1.6633931398391724,5.910484790802002,4.74337911605835,43200.0
2015-12-22,7.653700828552246,1.7009693384170532,6.035526275634766,4.830816745758057,43470.0
2015-12-23,7.62492561340332,1.7360410690307617,6.357739448547363,4.855795860290527,44015.0
2015-12-28,7.596153736114502,1.6784238815307617,6.078806400299072,4.921375274658203,43764.0
2015-12-29,7.601905345916748,1.675918698310852,6.11728048324585,4.865165710449219,43654.0
2015-12-30,7.576013088226318,1.6784238815307617,6.266364574432373,4.668434143066406,43350.0
2016-01-04,7.234851837158203,1.7210108041763306,6.102853775024414,4.571631908416748,42141.0
2016-01-05,7.2953081130981445,1.6734137535095215,6.021095275878906,4.793343544006348,42419.0
2016-01-06,7.266529083251953,1.6032707691192627,5.5786519050598145,4.684047698974609,41773.0
2016-01-07,7.128329277038574,1.5681992769241333,5.246817588806152,4.549774646759033,40695.0
2016-01-08,7.1312079429626465,1.5707038640975952,5.068877696990967,4.527914047241211,40612.0
2016-01-11,7.047713756561279,1.525612711906433,4.92460298538208,4.424863815307617,39950.0
2016-01-12,7.0793843269348145,1.3853263854980469,4.5254411697387695,4.6215949058532715,39514.0
2016-01-13,6.969986915588379,1.3201934099197388,4.328263759613037,4.4498467445373535,38944.0
2016-01-14,7.070750713348389,1.4254074096679688,4.640861511230469,4.452968597412109,39500.0
2016-01-15,6.886496067047119,1.2951419353485107,4.506204128265381,4.409252166748047,38569.0
2016-01-18,6.805883884429932,1.2024530172348022,4.275362968444824,4.359287738800049,37937.0
2016-01-19,6.736786365509033,1.1673814058303833,4.414829254150391,4.393637657165527,38057.0
2016-01-20,6.641788482666016,1.1097638607025146,4.429257869720459,4.3311848640441895,37645.0
2016-01-21,6.656174659729004,1.1272999048233032,4.39559268951416,4.524790287017822,37717.0
2016-01-22,6.719514846801758,1.1047537326812744,4.342691898345947,4.605981826782227,38031.0
2016-01-26,6.791487216949463,1.052146315574646,4.30421781539917,4.431110382080078,37497.0
2016-01-27,6.817399024963379,1.1448358297348022,4.5254411697387695,4.6122260093688965,38376.0
2016-01-28,6.863460063934326,1.152350902557373,4.486966609954834,4.599734783172607,38630.0
2016-01-29,7.183032035827637,1.2124733924865723,4.674525260925293,4.827692985534668,40406.0
2016-02-01,7.337148189544678,1.1824121475219727,4.568723678588867,4.709031105041504,40570.0
2016-02-02,6.80997896194458,1.0771974325180054,4.135897159576416,4.5154218673706055,38596.0
2016-02-03,6.974179267883301,1.124794602394104,4.333073616027832,4.602859973907471,39589.0
2016-02-04,7.075005531311035,1.1849169731140137,4.972694396972656,4.584122657775879,40822.0
2016-02-05,7.144140243530273,1.1373203992843628,4.919794082641602,4.559141635894775,40592.0
2016-02-10,7.178707599639893,1.0797027349472046,4.90536642074585,4.559141635894775,40377.0
2016-02-11,6.965534687042236,1.0596617460250854,4.746663570404053,4.456089973449707,39318.0
2016-02-12,7.020272731781006,1.1147741079330444,4.929411888122559,4.481073379516602,39808.0
2016-02-15,6.997227191925049,1.1448358297348022,5.0544514656066895,4.378024101257324,40093.0
2016-02-16,7.167187213897705,1.1122691631317139,5.429565906524658,4.371779918670654,40948.0
2016-02-17,7.244965076446533,1.1723917722702026,5.727736949920654,4.368653774261475,41631.0
2016-02-18,7.098050594329834,1.1498457193374634,5.535369873046875,4.418619632720947,41478.0
2016-02-19,7.18220853805542,1.1172791719436646,5.68926477432251,4.371779918670654,41543.0
2016-02-22,7.472220420837402,1.2625755071640015,6.319266319274902,4.559141635894775,43235.0
2016-02-23,7.365689754486084,1.2325143814086914,5.953768730163574,4.5154218673706055,42521.0
2016-02-24,7.303540229797363,1.2199885845184326,5.631552219390869,4.104342937469482,42085.0
2016-02-25,7.309462070465088,1.2249988317489624,5.299718856811523,4.14516544342041,41888.0
2016-02-26,7.309462070465088,1.2199885845184326,5.29010009765625,4.035257816314697,41593.0
2016-02-29,7.516611099243164,1.2876266241073608,5.67964506149292,4.142027378082275,42794.0
2016-03-01,7.870458126068115,1.3302135467529297,6.160562038421631,4.1608662605285645,44122.0
2016-03-02,8.054040908813477,1.415387511253357,6.838659286499023,4.28648042678833,44893.0
2016-03-03,8.850563049316406,1.6458580493927002,7.511943340301514,4.255077838897705,47193.0
2016-03-04,9.282883644104004,1.8086899518966675,7.959195613861084,4.31160306930542,49085.0
2016-03-07,9.241429328918457,1.846266746520996,8.454541206359863,4.383827209472656,49246.0
2016-03-08,9.448695182800293,1.8713172674179077,7.228200435638428,4.569104194641113,49102.0
2016-03-09,9.134822845458984,1.9038845300674438,6.973316192626953,4.355567455291748,48665.0
2016-03-10,9.493117332458496,1.9915632009506226,6.732855796813965,4.321023941040039,49571.0
2016-03-11,9.573060989379883,2.026634931564331,6.670336723327637,4.277060508728027,49639.0
2016-03-14,9.528641700744629,1.8537815809249878,6.4635419845581055,4.239374160766602,48867.0
2016-03-15,9.10521411895752,1.655877947807312,6.482778072357178,4.239374160766602,47130.0
2016-03-16,8.835760116577148,1.8111941814422607,7.127208709716797,4.330442428588867,47763.0
2016-03-17,9.801065444946289,2.029139518737793,7.454232692718506,4.484317779541016,50914.0
2016-03-18,9.827703475952148,2.0341498851776123,7.372477054595947,4.521999835968018,50815.0
2016-03-21,9.830670356750488,2.0191192626953125,7.285912036895752,4.587946891784668,51172.0
2016-03-22,9.578981399536133,2.031644582748413,7.420568466186523,4.647611618041992,51010.0
2016-03-23,9.273991584777832,1.9489763975143433,6.790565013885498,4.422328948974609,49690.0
2016-03-24,9.17628002166748,1.956491470336914,7.237820625305176,4.381354808807373,49657.0
2016-03-28,9.404276847839355,2.1143128871917725,7.295529842376709,4.485373497009277,50838.0
2016-03-29,9.460536003112793,2.1268389225006104,7.257058143615723,4.6020002365112305,51155.0
2016-03-30,9.513837814331055,2.1143128871917725,7.4734697341918945,4.573631286621094,51249.0
2016-03-31,9.241429328918457,2.08174729347229,7.285912036895752,4.428637504577637,50055.0
2016-04-01,9.305112838745117,2.0942723751068115,7.459041595458984,4.513741493225098,50562.0
2016-04-04,8.979242324829102,1.8888537883758545,7.1127824783325195,4.368749618530273,48780.0
2016-04-05,8.997014999389648,1.9539860486984253,7.353240966796875,4.36244535446167,49054.0
2016-04-06,8.739280700683594,1.898874044418335,7.247437953948975,4.441244602203369,48096.0
2016-04-07,8.834081649780273,1.9289354085922241,7.2185821533203125,4.412877082824707,48513.0
2016-04-08,9.391022682189941,2.069221258163452,7.810113430023193,4.375051975250244,50293.0
2016-04-11,9.438432693481445,2.101787567138672,8.161184310913086,4.207992076873779,50165.0
2016-04-12,9.865021705627441,2.264620304107666,9.012408256530762,4.245817184448242,52002.0
2016-04-13,9.98648452758789,2.377349615097046,9.41157054901123,4.368749618530273,53150.0
2016-04-14,9.696155548095703,2.2946817874908447,8.75271224975586,4.3939619064331055,52411.0
2016-04-15,9.7583646774292,2.4274513721466064,8.945079803466797,4.507438659667969,53228.0
2016-04-18,9.687273025512695,2.3147222995758057,9.161494255065918,4.412877082824707,52894.0
2016-04-19,9.740592002868652,2.4074110984802246,9.839588165283203,4.453854084014893,53710.0
2016-04-20,9.559887886047363,2.374844789505005,10.464780807495117,4.409722328186035,53631.0
2016-04-22,9.385099411010742,2.4424831867218018,9.296151161193848,4.4507012367248535,52908.0
2016-04-25,9.302152633666992,2.337268352508545,8.685383796691895,4.441244602203369,51862.0
2016-04-26,9.62506103515625,2.42244291305542,8.988361358642578,4.573631286621094,53083.0
2016-04-27,9.953893661499023,2.5677380561828613,9.353861808776855,4.791121006011963,54478.0
2016-04-28,9.885760307312012,2.5627269744873047,9.517374038696289,4.813188552856445,54312.0
2016-04-29,9.73763656616211,2.5627269744873047,9.469281196594238,4.784818649291992,53911.0
2016-05-02,9.46940803527832,2.5476975440979004,9.555848121643066,4.813188552856445,53562.0
2016-05-03,8.924064636230469,2.449997663497925,8.973933219909668,4.794275760650635,52260.0
2016-05-04,9.143388748168945,2.4850692749023438,8.367977142333984,4.737536907196045,52553.0
2016-05-05,9.007052421569824,2.4575140476226807,8.01209831237793,4.762753486633301,51671.0
2016-05-06,9.010018348693848,2.525151014328003,8.117899894714355,4.72177791595459,51718.0
2016-05-09,9.066330909729004,2.374844789505005,7.324384689331055,4.769057273864746,50990.0
2016-05-10,9.635380744934082,2.557717800140381,7.632172584533691,4.910901069641113,53071.0
2016-05-11,9.576109886169434,2.5677380561828613,7.665834903717041,4.882534503936768,52764.0
2016-05-12,9.670952796936035,2.452502965927124,7.42537784576416,4.948725700378418,53241.0
2016-05-13,9.30639934539795,2.3698339462280273,7.059881210327148,4.838404655456543,51804.0
2016-05-16,9.164135932922363,2.4424831867218018,7.180109024047852,4.759602069854736,51803.0
2016-05-17,8.968523979187012,2.379854917526245,7.276293754577637,4.70916748046875,50839.0
2016-05-18,9.107824325561523,2.3347628116607666,7.074307918548584,4.765905380249023,50562.0
2016-05-19,9.030763626098633,2.2445790767669678,7.160871982574463,4.75645112991333,50133.0
2016-05-20,8.915176391601562,2.229548215866089,6.795374393463135,4.816340923309326,49723.0
2016-05-23,8.944815635681152,2.1293442249298096,6.944460868835449,4.66188907623291,49330.0
2016-05-24,8.935919761657715,2.13685941696167,6.74247407913208,4.6839518547058105,49345.0
2016-05-25,8.894425392150879,2.171931028366089,7.0310235023498535,4.68079948425293,49483.0
2016-05-27,8.805509567260742,2.061706304550171,6.872320652008057,4.6020002365112305,49051.0
2016-05-30,8.802549362182617,2.09928297996521,6.8675127029418945,4.639824390411377,48964.0
2016-05-31,8.609904289245605,2.0141091346740723,6.838659286499023,4.535806179046631,48472.0
2016-06-01,8.738890647888184,2.049180507659912,6.939650058746338,4.6934075355529785,49013.0
2016-06-02,8.86937141418457,2.08425235748291,7.189727306365967,4.65558385848999,49887.0
2016-06-03,8.86047077178955,2.1468803882598877,7.810113430023193,4.674498558044434,50619.0
2016-06-06,8.7744779586792,2.119323492050171,8.12270736694336,4.7123212814331055,50432.0
2016-06-07,8.916816711425781,2.159405469894409,7.968815803527832,4.677648067474365,50488.0
2016-06-08,9.053217887878418,2.352299213409424,8.175610542297363,4.75645112991333,51629.0
2016-06-09,9.032463073730469,2.2996914386749268,7.550415992736816,4.6713457107543945,51118.0
2016-06-10,8.569867134094238,2.1994869709014893,7.189727306365967,4.5168938636779785,49422.0
2016-06-13,8.608415603637695,2.159405469894409,7.309957027435303,4.535806179046631,49661.0
2016-06-14,8.483878135681152,2.0792415142059326,7.035832405090332,4.40657377243042,48648.0
2016-06-15,8.442359924316406,2.131849527359009,7.213773727416992,4.371901512145996,48915.0
2016-06-16,8.59656047821045,2.1293442249298096,7.324384689331055,4.49798059463501,49412.0
2016-06-17,8.575799942016602,2.2420742511749268,7.348430156707764,4.4380927085876465,49534.0
2016-06-20,8.718141555786133,2.2996914386749268,7.487895965576172,4.479068756103516,50329.0
2016-06-21,8.715170860290527,2.3873703479766846,7.502326488494873,4.548415184020996,50838.0
2016-06-22,8.563939094543457,2.339773416519165,7.622555255889893,4.545262336730957,50156.0
2016-06-23,8.8960599899292,2.42244291305542,7.978435516357422,4.59884786605835,51560.0
2016-06-24,8.584692001342773,2.3172271251678467,7.314764976501465,4.4633097648620605,50105.0
2016-06-27,8.297050476074219,2.1994869709014893,7.117591857910156,4.412877082824707,49246.0
2016-06-28,8.58765697479248,2.304701805114746,7.434996604919434,4.330922603607178,50007.0
2016-06-29,8.780403137207031,2.379854917526245,7.555225849151611,4.352051734924316,51002.0
2016-06-30,8.98501968383789,2.359813928604126,7.824539661407471,4.352051734924316,51527.0
2016-07-01,9.170441627502441,2.4600186347961426,7.992861747741699,4.342548370361328,52233.0
2016-07-04,9.164514541625977,2.4725449085235596,8.161184310913086,4.291869640350342,52569.0
2016-07-05,9.099239349365234,2.3272480964660645,7.723546028137207,4.244358539581299,51842.0
2016-07-06,9.13484001159668,2.379854917526245,7.834157466888428,4.244358539581299,51902.0
2016-07-07,9.226812362670898,2.3948862552642822,7.704311847686768,4.288703441619873,52015.0
2016-07-08,9.476025581359863,2.465028762817383,7.786067008972168,4.339383125305176,53141.0
2016-07-11,9.56800365447998,2.5952935218811035,8.108283042907715,4.244358539581299,53960.0
2016-07-12,9.487897872924805,2.667942762374878,8.507445335388184,4.184178829193115,54256.0
2016-07-13,9.68370532989502,2.662932872772217,8.569963455200195,4.2411909103393555,54598.0
2016-07-14,9.95962142944336,2.738085985183716,8.343932151794434,4.364723205566406,55481.0
2016-07-15,9.926980972290039,2.760631561279297,8.33912181854248,4.377392292022705,55578.0
2016-07-18,10.096090316772461,2.8934030532836914,8.454541206359863,4.481917381286621,56484.0
2016-07-19,10.03675651550293,2.9510200023651123,8.098661422729492,4.504087924957275,56698.0
2016-07-20,10.19399642944336,2.961040735244751,7.939960956573486,4.551599502563477,56578.0
2016-07-21,10.057524681091309,2.9685566425323486,8.367977142333984,4.63078498840332,56641.0
2016-07-22,10.119832038879395,2.9911019802093506,8.247749328613281,4.6434550285339355,57002.0
2016-07-25,10.042694091796875,3.0136477947235107,8.377594947814941,4.5896077156066895,56873.0
2016-07-26,9.91511344909668,2.9760708808898926,8.858515739440918,4.624452114105225,56783.0
2016-07-27,9.95368480682373,2.8833823204040527,9.098973274230957,4.814494609832764,56853.0
2016-07-28,9.843914031982422,2.8658454418182373,9.156684875488281,4.846170902252197,56667.0
2016-07-29,10.024892807006836,2.9735662937164307,8.896989822387695,4.836669921875,57308.0
2016-08-01,9.922483444213867,2.818249225616455,8.60843563079834,4.914870262145996,56756.0
2016-08-02,10.041217803955078,2.8458049297332764,8.65172004699707,4.898994445800781,56162.0
2016-08-03,10.45972728729248,2.981081247329712,9.050882339477539,4.905344009399414,57077.0
2016-08-04,10.519083023071289,3.0086376667022705,9.022027969360352,4.959319591522217,57594.0
2016-08-05,10.456756591796875,2.9184536933898926,9.123019218444824,5.045042991638184,57661.0
2016-08-08,10.388486862182617,2.9835870265960693,9.127829551696777,5.1847429275512695,57635.0
2016-08-09,10.409265518188477,2.9760708808898926,9.132638931274414,5.289516448974609,57689.0
2016-08-10,10.323189735412598,2.8959081172943115,8.699810028076172,5.270467758178711,56920.0
2016-08-11,10.587352752685547,3.031184196472168,8.853704452514648,5.438742637634277,58300.0
2016-08-12,10.667492866516113,3.0061330795288086,8.637292861938477,5.41969108581543,58298.0
2016-08-15,10.901309967041016,3.083791494369507,8.863323211669922,5.454617023468018,59146.0
2016-08-16,10.856280326843262,3.128883123397827,9.127829551696777,5.42921781539917,58855.0
2016-08-17,11.000354766845703,3.1965208053588867,9.195157051086426,5.46414041519165,59324.0
2016-08-18,10.97934627532959,3.2265822887420654,9.098973274230957,5.438742637634277,59166.0
2016-08-19,10.907305717468262,3.204035997390747,9.175920486450195,5.397465705871582,59099.0
2016-08-22,10.697205543518066,3.0938122272491455,8.839277267456055,5.270467758178711,57781.0
2016-08-23,10.679203033447266,3.1739749908447266,9.017216682434082,5.257765293121338,58020.0
2016-08-24,10.628175735473633,3.1063363552093506,8.728667259216309,5.270467758178711,57718.0
2016-08-25,10.595155715942383,3.138904333114624,8.743093490600586,5.219666481018066,57722.0
2016-08-26,10.724223136901855,3.1439130306243896,8.51706314086914,5.095843315124512,57716.0
2016-08-29,10.913309097290039,3.2240774631500244,8.704622268676758,5.343491077423096,58610.0
2016-08-30,10.98534870147705,3.2791903018951416,8.48820686340332,5.245067119598389,58575.0
2016-08-31,10.760229110717773,3.219067335128784,8.146756172180176,5.248242378234863,57901.0
2016-09-01,10.866828918457031,3.256643772125244,8.387216567993164,5.2387189865112305,58236.0
2016-09-02,11.02597713470459,3.3994343280792236,8.771947860717773,5.3244428634643555,59616.0
2016-09-05,11.028980255126953,3.464568853378296,8.60843563079834,5.257765293121338,59566.0
2016-09-06,11.13408088684082,3.502145290374756,8.786377906799316,5.41969108581543,60129.0
2016-09-08,11.001954078674316,3.562267541885376,8.555536270141602,5.435567378997803,60232.0
2016-09-09,10.58458423614502,3.3844051361083984,8.108283042907715,5.203792572021484,58000.0
2016-09-12,10.722702026367188,3.494628429412842,8.411258697509766,5.359367370605469,58586.0
2016-09-13,10.509510040283203,3.2591493129730225,7.824539661407471,5.286342620849609,56821.0
2016-09-14,10.51851749420166,3.284200429916382,8.002479553222656,5.299042224884033,57059.0
2016-09-15,10.746726989746094,3.3844051361083984,8.002479553222656,5.381592750549316,57909.0
2016-09-16,10.503507614135742,3.2967259883880615,7.891869068145752,5.279991149902344,57080.0
2016-09-19,10.578575134277344,3.2691686153411865,8.01209831237793,5.353015899658203,57350.0
2016-09-20,10.602595329284668,3.381899118423462,8.031335830688477,5.45143985748291,57736.0
2016-09-21,10.70468807220459,3.4219815731048584,8.48820686340332,5.426042079925537,58394.0
2016-09-22,10.875840187072754,3.507155179977417,8.440116882324219,5.565741539001465,58994.0
2016-09-23,10.848817825317383,3.4294958114624023,8.48820686340332,5.556215763092041,58697.0
2016-09-26,10.76473331451416,3.3568477630615234,8.387216567993164,5.428203105926514,58054.0
2016-09-27,10.887850761413574,3.2867062091827393,8.46416187286377,5.4536848068237305,58382.0
2016-09-28,10.965921401977539,3.469578504562378,8.747902870178223,5.625704765319824,59356.0
2016-09-29,10.686668395996094,3.364362955093384,8.65172004699707,5.590664386749268,58351.0
2016-09-30,10.665653228759766,3.3994343280792236,8.565154075622559,5.625704765319824,58367.0
2016-10-03,10.9194917678833,3.4996397495269775,8.704622268676758,5.641633033752441,59461.0
2016-10-04,11.015620231628418,3.5121660232543945,8.48820686340332,5.628890514373779,59339.0
2016-10-05,11.231898307800293,3.6524500846862793,8.589200973510742,5.6862311363220215,60254.0
2016-10-06,11.325032234191895,3.782717704772949,8.560344696044922,5.73401403427124,60644.0
2016-10-07,11.430169105529785,3.82279896736145,8.656527519226074,5.72764253616333,61109.0
2016-10-10,11.445184707641602,3.940539836883545,9.161494255065918,5.788167476654053,61668.0
2016-10-11,11.406136512756348,3.855365753173828,8.945079803466797,5.6703033447265625,61022.0
2016-10-13,11.535306930541992,3.948054075241089,8.536298751831055,5.683045864105225,61119.0
2016-10-14,11.754593849182129,4.073309421539307,8.666147232055664,5.549252510070801,61767.0
2016-10-17,12.012937545776367,4.233637809753418,8.771947860717773,5.65118932723999,62696.0
2016-10-18,12.179962158203125,4.363902568817139,9.026835441589355,5.692600727081299,63782.0
2016-10-19,11.981689453125,4.414004325866699,8.95469856262207,5.65118932723999,63506.0
2016-10-20,12.018041610717773,4.444067001342773,9.185538291931152,5.714902400970459,63838.0
2016-10-21,11.998224258422852,4.496673583984375,9.57508373260498,5.705341815948486,64108.0
2016-10-24,11.895784378051758,4.559301853179932,9.762641906738281,5.612963676452637,64060.0
2016-10-25,11.832999229431152,4.509199619293213,10.26760482788086,5.600220203399658,63866.0
2016-10-26,11.905694007873535,4.5342512130737305,10.469593048095703,5.565178871154785,63826.0
2016-10-27,12.160139083862305,4.531745433807373,10.5802001953125,5.549252510070801,64250.0
2016-10-28,12.262567520141602,4.531745433807373,10.647530555725098,5.5046539306640625,64308.0
2016-10-31,12.688830375671387,4.431540489196777,10.618674278259277,5.6065897941589355,64925.0
2016-11-01,12.313648223876953,4.2236175537109375,10.724475860595703,5.431386947631836,63326.0
2016-11-03,12.049187660217285,4.040743827819824,10.56096363067627,5.370859622955322,61750.0
2016-11-04,12.148366928100586,4.005672454833984,10.392642974853516,5.40908670425415,61598.0
2016-11-07,12.584712982177734,4.3112945556640625,11.123637199401855,5.482354164123535,64052.0
2016-11-08,12.614462852478027,4.2687087059021,11.52761173248291,5.415456771850586,64158.0
2016-11-09,12.211166381835938,4.171009063720703,12.022955894470215,5.326260566711426,63258.0
2016-11-10,11.602921485900879,3.8829216957092285,12.92227554321289,5.256180286407471,61201.0
2016-11-11,11.454166412353516,3.509659767150879,12.494256019592285,5.182911396026611,59184.0
2016-11-14,11.384745597839355,3.507155179977417,12.725099563598633,5.186095237731934,59657.0
2016-11-16,11.946715354919434,3.692533493041992,12.095094680786133,5.28166389465332,60759.0
2016-11-17,11.58969783782959,3.579803228378296,11.897917747497559,5.166983127593994,59770.0
2016-11-18,11.698787689208984,3.637420654296875,11.816163063049316,5.233880996704102,59962.0
2016-11-21,11.794644355773926,3.9029617309570312,12.422119140625,5.080972671508789,61070.0
2016-11-22,11.834320068359375,3.9906418323516846,13.3551025390625,5.045931816101074,61954.0
2016-11-23,11.72523307800293,3.970600128173828,13.547464370727539,5.109643459320068,61986.0
2016-11-24,11.602921485900879,3.9029617309570312,13.268537521362305,5.001336097717285,61396.0
2016-11-25,11.523585319519043,3.8328194618225098,13.898539543151855,4.915324687957764,61559.0
2016-11-28,11.768203735351562,3.87290096282959,14.913276672363281,5.135129451751709,62855.0
2016-11-29,11.483920097351074,3.672492027282715,14.033196449279785,5.065045356750488,60987.0
2016-11-30,11.708709716796875,4.008176803588867,13.49456787109375,4.959921836853027,61906.0
2016-12-01,11.1779203414917,3.867892026901245,13.691740989685059,4.6477370262146,59507.0
2016-12-02,11.22421646118164,3.9655888080596924,14.265605926513672,4.689148426055908,60316.0
2016-12-05,11.18453311920166,3.923003673553467,14.318815231323242,4.606324672698975,59832.0
2016-12-06,11.333349227905273,4.045753479003906,14.512314796447754,4.711447715759277,61088.0
2016-12-07,11.244051933288574,3.9731051921844482,15.01056957244873,4.813386917114258,61414.0
2016-12-08,11.1779203414917,3.9330241680145264,14.575203895568848,4.816570281982422,60677.0
2016-12-09,11.210987091064453,3.9029617309570312,14.323653221130371,4.8261308670043945,60501.0
2016-12-12,10.74799919128418,3.9079720973968506,14.265605926513672,4.695520401000977,59179.0
2016-12-13,10.797606468200684,3.8703954219818115,13.704462051391602,4.775158882141113,59281.0
2016-12-14,10.774454116821289,3.692533493041992,13.486775398254395,4.634993553161621,58212.0
2016-12-15,10.731464385986328,3.7200896739959717,13.656089782714844,4.717818737030029,58396.0
2016-12-16,10.539653778076172,3.6975433826446533,13.423887252807617,4.670036315917969,58389.0
2016-12-19,10.25524616241455,3.597339153289795,12.601526260375977,4.698447227478027,57111.0
2016-12-20,10.516497611999512,3.594834089279175,12.857909202575684,4.64720344543457,57583.0
2016-12-21,10.513199806213379,3.5923287868499756,12.80953598022461,4.679229736328125,57647.0
2016-12-22,10.599177360534668,3.509659767150879,12.277420043945312,4.631188869476318,57255.0
2016-12-23,10.898369789123535,3.567277431488037,12.185505867004395,4.7560954093933105,57937.0
2016-12-26,10.985642433166504,3.6123697757720947,12.572501182556152,4.7144598960876465,58620.0
2016-12-27,10.978927612304688,3.609863758087158,12.509615898132324,4.7913289070129395,58697.0
2016-12-28,11.237369537353516,3.7025532722473145,12.906283378601074,4.804137706756592,59782.0
2016-12-29,11.361563682556152,3.7250988483428955,12.422541618347168,4.9642767906188965,60227.0
2017-01-02,11.259145736694336,3.672492027282715,12.122620582580566,4.836165428161621,59589.0
2017-01-03,11.735978126525879,3.8829216957092285,12.659577369689941,5.079575061798096,61814.0
2017-01-04,11.786333084106445,3.8829216957092285,12.43221664428711,4.9578704833984375,61589.0
2017-01-05,11.947525024414062,3.945549249649048,12.906283378601074,4.945058822631836,62071.0
2017-01-06,11.987813949584961,3.923003673553467,12.562828063964844,4.9866943359375,61665.0
2017-01-09,12.044903755187988,3.840334415435791,12.81921100616455,4.932247161865234,61700.0
2017-01-10,12.004608154296875,3.877911329269409,13.806049346923828,4.877800941467285,62132.0
2017-01-11,12.028106689453125,3.923003673553467,14.091456413269043,4.794529438018799,62446.0
2017-01-12,12.33367919921875,3.983126401901245,14.546175956726074,4.9578704833984375,63954.0
2017-01-13,12.081840515136719,3.928013563156128,14.986383438110352,4.852181434631348,63652.0
2017-01-16,12.091904640197754,3.945549249649048,15.39272689819336,4.852181434631348,63831.0
2017-01-17,12.417628288269043,3.963085889816284,14.788049697875977,4.9642767906188965,64354.0
2017-01-18,12.320250511169434,3.95556902885437,15.533013343811035,4.916233539581299,64150.0
2017-01-19,12.253094673156738,3.9505600929260254,15.223418235778809,4.919435501098633,63951.0
2017-01-20,12.290030479431152,4.008176803588867,15.528177261352539,4.945058822631836,64521.0
2017-01-23,12.703059196472168,4.005672454833984,16.113506317138672,5.015519142150879,65749.0
2017-01-24,12.672835350036621,4.0181965827941895,16.510175704956055,5.012317657470703,65840.0
2017-01-26,12.844083786010742,3.9580745697021484,16.2537899017334,5.156442165374756,66191.0
2017-01-27,12.776927947998047,3.912982940673828,16.302167892456055,5.169252872467041,66034.0
2017-01-30,12.504940032958984,3.7175848484039307,15.600735664367676,5.124414443969727,64302.0
2017-01-31,12.504940032958984,3.762676239013672,15.566874504089355,5.095588684082031,64671.0
2017-02-01,12.637618064880371,3.762676239013672,15.910335540771484,5.057156085968018,64836.0
2017-02-02,12.600677490234375,3.730109453201294,15.799068450927734,5.105196475982666,64578.0
2017-02-03,12.862700462341309,3.8428397178649902,14.807397842407227,5.204482078552246,64954.0
2017-02-06,12.768637657165527,3.747645139694214,14.473615646362305,5.182062149047852,63993.0
2017-02-07,13.017233848571777,3.6825129985809326,14.628412246704102,5.185266017913818,64199.0
2017-02-08,13.353157997131348,3.782717704772949,14.797722816467285,5.204482078552246,64835.0
2017-02-09,13.413629531860352,3.7701914310455322,15.034760475158691,5.2172956466674805,64965.0
2017-02-10,13.457301139831543,3.9029617309570312,15.866799354553223,5.226902484893799,66125.0
2017-02-13,13.393470764160156,3.912982940673828,17.3228702545166,5.265334606170654,66968.0
2017-02-14,13.43713665008545,3.963085889816284,16.640789031982422,5.2493205070495605,66713.0
2017-02-15,14.001503944396973,3.968095302581787,16.360218048095703,5.451093673706055,67976.0
2017-02-16,13.729397773742676,3.9731051921844482,16.336023330688477,5.364621162414551,67814.0
2017-02-17,13.722677230834961,3.9104771614074707,16.481151580810547,5.415865421295166,67748.0
2017-02-20,13.78650188446045,3.988135814666748,17.622787475585938,5.412662029266357,68533.0
2017-02-21,13.986942291259766,4.030722618103027,17.1922550201416,5.604826927185059,69052.0
2017-02-22,14.028027534484863,3.9330241680145264,16.781068801879883,5.476718425750732,68590.0
2017-02-23,13.815749168395996,3.8979527950286865,16.045780181884766,5.364621162414551,67461.0
2017-02-24,13.7061767578125,3.80275821685791,15.828100204467773,5.438283920288086,66662.0
2017-03-01,13.683911323547363,3.8879315853118896,16.045780181884766,5.658077239990234,66989.0
2017-03-02,13.543479919433594,3.785221815109253,15.218581199645996,5.651647567749023,65855.0
2017-03-03,13.790101051330566,3.837829113006592,15.39272689819336,5.69343900680542,66786.0
2017-03-06,13.735288619995117,3.782717704772949,15.044431686401367,5.648434638977051,66341.0
2017-03-07,13.505794525146484,3.80275821685791,14.957356452941895,5.500551223754883,65742.0
2017-03-08,13.351665496826172,3.6449360847473145,14.570364952087402,5.4973368644714355,64718.0
2017-03-09,13.392772674560547,3.6324102878570557,14.599390983581543,5.52948522567749,64585.0
2017-03-10,13.39962100982666,3.584813117980957,14.34300422668457,5.577704906463623,64675.0
2017-03-13,13.642816543579102,3.599844455718994,15.000895500183105,5.416966915130615,65534.0
2017-03-14,13.509220123291016,3.4044458866119385,15.078295707702637,5.413750171661377,64699.0
2017-03-15,13.639387130737305,3.5572574138641357,16.118345260620117,5.442685604095459,66235.0
2017-03-16,13.464699745178223,3.434506893157959,15.736186981201172,5.423394680023193,65783.0
2017-03-17,13.077642440795898,3.2967259883880615,15.141182899475098,5.420182228088379,64210.0
2017-03-20,13.22150707244873,3.4069507122039795,15.300814628601074,5.49090576171875,64884.0
2017-03-21,12.93720531463623,3.256643772125244,14.047919273376465,5.400890350341797,62980.0
2017-03-22,13.043387413024902,3.4219815731048584,14.222066879272461,5.272298336029053,63521.0
2017-03-23,12.971461296081543,3.3994343280792236,14.144668579101562,5.336594104766846,63531.0
2017-03-24,13.11189079284668,3.3768882751464844,14.028571128845215,5.423394680023193,63854.0
2017-03-27,13.20779800415039,3.449537992477417,14.217229843139648,5.479966640472412,64308.0
2017-03-28,13.1632719039917,3.494628429412842,14.420402526855469,5.560652732849121,64640.0
2017-03-29,13.358515739440918,3.6198840141296387,14.565524101257324,5.634878635406494,65528.0
2017-03-30,13.200952529907227,3.6198840141296387,14.560691833496094,5.631650447845459,65266.0
2017-03-31,12.981736183166504,3.629905939102173,14.41072940826416,5.61551570892334,64984.0
2017-04-03,13.199333190917969,3.6749963760375977,14.275279998779297,5.64456033706665,65211.0
2017-04-04,13.267863273620605,3.7200896739959717,14.82674789428711,5.689743995666504,65769.0
2017-04-05,13.024566650390625,3.6499462127685547,14.246257781982422,5.657470226287842,64775.0
2017-04-06,12.921770095825195,3.639925241470337,13.985034942626953,5.651017189025879,64223.0
2017-04-07,13.021146774291992,3.6825129985809326,14.1011323928833,5.502559185028076,64593.0
2017-04-10,12.997145652770996,3.7426345348358154,14.043082237243652,5.486422538757324,64650.0
2017-04-11,12.973170280456543,3.677502393722534,13.86409854888916,5.43478536605835,64360.0
2017-04-12,12.956038475036621,3.6699869632720947,13.26425838470459,5.454151153564453,63892.0
2017-04-13,12.719603538513184,3.5271944999694824,13.26425838470459,5.412194728851318,62826.0
2017-04-17,13.288416862487793,3.5772974491119385,13.269092559814453,5.525150299072266,64335.0
2017-04-18,13.240447998046875,3.532205104827881,12.872424125671387,5.4606032371521,64159.0
2017-04-19,13.123934745788574,3.4069507122039795,12.901450157165527,5.412194728851318,63407.0
2017-04-20,12.93205451965332,3.4770939350128174,13.569015502929688,5.467059135437012,63761.0
2017-04-24,13.182191848754883,3.5146706104278564,13.721765518188477,5.53483247756958,64389.0
2017-04-25,13.267863273620605,3.5923287868499756,14.171661376953125,5.567105770111084,65148.0
2017-04-26,13.29183578491211,3.507155179977417,13.861733436584473,5.760744094848633,64862.0
2017-04-27,13.367229461669922,3.439516305923462,13.411836624145508,5.683289527893066,64677.0
2017-04-28,13.452897071838379,3.4996397495269775,13.731759071350098,5.712334632873535,65403.0
2017-05-02,13.728841781616211,3.5046496391296387,14.026693344116211,5.867246150970459,66722.0
2017-05-03,13.502593994140625,3.547236680984497,13.156898498535156,6.0189313888549805,66094.0
2017-05-04,13.060396194458008,3.4069507122039795,12.672012329101562,5.899518013000488,64863.0
2017-05-05,13.266083717346191,3.5597620010375977,13.021929740905762,5.970518589019775,65710.0
2017-05-08,13.296918869018555,3.5271944999694824,13.011933326721191,5.970518589019775,65526.0
2017-05-09,13.331197738647461,3.542226791381836,13.24687671661377,6.067338943481445,66278.0
2017-05-10,13.396340370178223,3.6900267601013184,13.276867866516113,6.235158443450928,67350.0
2017-05-11,13.626004219055176,3.712573528289795,13.156898498535156,6.34488582611084,67538.0
2017-05-12,13.756269454956055,3.8703954219818115,12.951945304870605,6.461069583892822,68222.0
2017-05-15,13.814541816711426,3.928013563156128,13.321855545043945,6.590163707733154,68474.0
2017-05-16,13.797409057617188,3.9330241680145264,13.626784324645996,6.293249607086182,68684.0
2017-05-17,13.51632022857666,3.9104771614074707,13.416833877563477,6.18997859954834,67540.0
2017-05-18,11.888045310974121,3.294219970703125,13.426833152770996,6.0189313888549805,61597.0
2017-05-19,12.196558952331543,3.411961078643799,13.621789932250977,6.099612712860107,62639.0
2017-05-22,11.956608772277832,3.3568477630615234,13.956707954406738,6.109294891357422,61673.0
2017-05-23,12.1451416015625,3.379394769668579,14.126666069030762,6.151247978210449,62662.0
2017-05-24,12.24455451965332,3.5196805000305176,13.756756782531738,6.047972679138184,63257.0
2017-05-25,12.014883995056152,3.442021608352661,13.846735000610352,6.135111331939697,63227.0
2017-05-26,12.34052848815918,3.4269919395446777,13.926713943481445,6.212568283081055,64085.0
2017-05-29,12.34052848815918,3.4269919395446777,13.926713943481445,6.212568283081055,63761.0
2017-05-30,12.316537857055664,3.346827507019043,14.296630859375,6.306159496307373,63962.0
2017-05-31,12.186281204223633,3.2466235160827637,13.581798553466797,6.131884574890137,62711.0
2017-06-01,12.047386169433594,3.2115511894226074,13.331857681274414,6.173840045928955,62289.0
2017-06-02,12.167407989501953,3.2691686153411865,13.38684368133545,6.131884574890137,62511.0
2017-06-05,12.153702735900879,3.3017356395721436,13.241874694824219,6.0963873863220215,62450.0
2017-06-06,12.349164962768555,3.3017356395721436,13.286867141723633,6.054429531097412,62955.0
2017-06-07,12.551507949829102,3.2240774631500244,13.221887588500977,6.099612712860107,63171.0
2017-06-08,12.421194076538086,3.2165615558624268,13.506814956665039,6.047972679138184,62756.0
2017-06-09,12.225720405578613,3.219067335128784,13.646782875061035,5.941473960876465,62211.0
2017-06-12,12.225720405578613,3.231593370437622,13.416833877563477,5.909201145172119,61700.0
2017-06-13,12.37660026550293,3.2416131496429443,13.181891441345215,5.867246150970459,61829.0
2017-06-14,12.486349105834961,3.161449432373047,13.046921730041504,5.889837265014648,61923.0
2017-06-16,12.397186279296875,3.07627534866333,12.776986122131348,5.838200092315674,61626.0
2017-06-19,12.462347984313965,3.0787816047668457,13.191887855529785,5.902745723724365,62014.0
2017-06-20,12.187996864318848,2.9710607528686523,12.851968765258789,5.854336738586426,60766.0
2017-06-21,12.201716423034668,2.9159483909606934,13.231878280639648,5.776880264282227,60762.0
2017-06-22,12.21199893951416,3.01615309715271,13.506814956665039,5.734927177429199,61272.0
2017-06-23,12.17084789276123,2.9885971546173096,13.616788864135742,5.728471279144287,61087.0
2017-06-26,12.513784408569336,3.0737709999084473,13.731759071350098,5.763970375061035,62188.0
2017-06-27,12.400607109069824,3.058739185333252,13.956707954406738,5.641333103179932,61675.0
2017-06-28,12.397186279296875,3.0261735916137695,14.391605377197266,5.6219706535339355,62018.0
2017-06-29,12.520645141601562,3.051225423812866,14.446595191955566,5.647788047790527,62239.0
2017-06-30,12.602946281433105,3.0988223552703857,14.496582984924316,5.712334632873535,62900.0
2017-07-03,12.72130298614502,3.096315860748291,14.821505546569824,5.812916278839111,63280.0
2017-07-04,12.669844627380371,3.1138522624969482,14.806509017944336,5.835583209991455,63232.0
2017-07-05,12.70415210723877,3.058739185333252,14.461592674255371,5.864728927612305,63154.0
2017-07-06,12.525757789611816,3.0487194061279297,14.456591606140137,5.73843240737915,62470.0
2017-07-07,12.405671119689941,2.9885971546173096,14.441593170166016,5.816154479980469,62322.0
2017-07-10,12.505172729492188,3.0011229515075684,14.851497650146484,5.965121269226074,63025.0
2017-07-11,12.693863868713379,3.0888020992279053,15.016459465026855,6.0363640785217285,63832.0
2017-07-12,12.83109188079834,3.2416131496429443,14.9464750289917,6.110846996307373,64836.0
2017-07-13,12.865399360656738,3.2240774631500244,14.58656120300293,6.217713356018066,65178.0
2017-07-14,12.892843246459961,3.2691686153411865,14.756519317626953,6.152947425842285,65436.0
2017-07-17,12.769350051879883,3.2290875911712646,14.856498718261719,6.211238861083984,65212.0
2017-07-18,12.783059120178223,3.2416131496429443,14.9464750289917,6.3472514152526855,65338.0
2017-07-19,12.597799301147461,3.3142597675323486,14.9464750289917,6.25657320022583,65180.0
2017-07-20,12.61152172088623,3.2816948890686035,14.356612205505371,6.305151462554932,64938.0
2017-07-21,12.614953994750977,3.178985357284546,14.246642112731934,6.230668067932129,64684.0
2017-07-24,12.693863868713379,3.2265822887420654,14.561565399169922,6.270610809326172,65100.0
2017-07-25,12.724738121032715,3.311755895614624,15.3013916015625,6.221900463104248,65668.0
2017-07-26,12.666420936584473,3.2716739177703857,14.826506614685059,6.186180114746094,65011.0
2017-07-27,12.680142402648926,3.256643772125244,14.846500396728516,6.13746976852417,65277.0
2017-07-28,12.728167533874512,3.2892098426818848,15.166421890258789,6.079019546508789,65497.0
2017-07-31,12.8036470413208,3.329291820526123,15.646309852600098,6.150460243225098,65920.0
2017-08-01,13.213789939880371,3.2867062091827393,15.526339530944824,6.218654155731201,66516.0
2017-08-02,13.351070404052734,3.3844051361083984,15.551332473754883,6.338805675506592,67136.0
2017-08-03,13.320182800292969,3.334301710128784,15.336383819580078,6.2251482009887695,66777.0
2017-08-04,13.285860061645508,3.3568477630615234,15.611320495605469,6.215406894683838,66898.0
2017-08-07,13.495219230651855,3.3944251537323,16.2061767578125,6.348546981811523,67940.0
2017-08-08,13.659967422485352,3.379394769668579,16.021221160888672,6.267364978790283,67899.0
2017-08-09,13.574163436889648,3.3869094848632812,15.956238746643066,6.212159156799316,67671.0
2017-08-10,13.402552604675293,3.3042409420013428,15.74628734588623,6.2413859367370605,66992.0
2017-08-11,13.47120189666748,3.2441179752349854,15.396370887756348,6.25112771987915,67359.0
2017-08-14,13.714889526367188,3.276683807373047,15.646309852600098,6.283600330352783,68285.0
2017-08-15,13.77347469329834,3.294219970703125,15.5563325881958,6.368031978607178,68355.0
2017-08-16,13.801202774047852,3.2892098426818848,15.861257553100586,6.618078231811523,68594.0
2017-08-17,13.690269470214844,3.2691686153411865,15.59632396697998,6.530398368835449,67977.0
2017-08-18,13.822002410888672,3.4069507122039795,15.771281242370605,6.5953450202941895,68715.0
2017-08-21,13.721468925476074,3.341817855834961,15.871256828308105,6.608334064483643,68635.0
2017-08-22,14.012675285339355,3.4545469284057617,15.92624282836914,6.764206886291504,70011.0
2017-08-23,14.165214538574219,3.4470322132110596,16.266164779663086,6.764206886291504,70478.0
2017-08-24,14.283086776733398,3.457051992416382,16.936002731323242,6.702507972717285,71133.0
2017-08-25,14.241482734680176,3.4770939350128174,16.9110107421875,6.663539409637451,71074.0
2017-08-28,14.116676330566406,3.4745888710021973,17.175949096679688,6.6765289306640625,71017.0
2017-08-29,14.244950294494629,3.469578504562378,17.215940475463867,6.59209680557251,71330.0
2017-08-30,14.16867446899414,3.3693737983703613,17.165950775146484,6.696013450622559,70886.0
2017-08-31,13.988414764404297,3.4194753170013428,17.535865783691406,6.644054412841797,70835.0
2017-09-01,14.281464576721191,3.5121660232543945,17.830793380737305,6.747971534729004,71923.0
2017-09-04,14.208630561828613,3.549741268157959,18.045745849609375,6.858379364013672,72129.0
2017-09-05,14.21556568145752,3.609863758087158,17.795804977416992,7.030489921569824,72151.0
2017-09-06,14.597058296203613,3.762676239013672,17.89577865600586,6.959046363830566,73412.0
2017-09-08,14.579718589782715,3.6850175857543945,17.235933303833008,6.861627578735352,73079.0
2017-09-11,14.825953483581543,3.7551605701446533,17.540863037109375,7.004509449005127,74319.0
2017-09-12,14.784330368041992,3.7250988483428955,17.625843048095703,6.991519451141357,74539.0
2017-09-13,14.888368606567383,3.76518177986145,17.380903244018555,7.09543514251709,74788.0
2017-09-14,14.853690147399902,3.767686128616333,16.8060359954834,7.2578043937683105,74657.0
2017-09-15,15.131125450134277,3.767686128616333,16.896011352539062,7.429912567138672,75757.0
2017-09-18,15.238642692565918,3.767686128616333,17.120962142944336,7.673459529876709,75990.0
2017-09-19,15.183156967163086,3.7927374839782715,16.95599937438965,7.615011215209961,75974.0
2017-09-20,15.023629188537598,3.9756109714508057,16.58108901977539,7.358470916748047,76004.0
2017-09-21,15.044427871704102,3.9255077838897705,16.25116539001465,7.290274143218994,75604.0
2017-09-22,15.096455574035645,3.93051815032959,15.9512357711792,7.131155967712402,75390.0
2017-09-25,14.94733715057373,3.968095302581787,15.541337966918945,7.085694313049316,74443.0
2017-09-26,14.975074768066406,3.8979527950286865,15.74628734588623,6.93306827545166,74319.0
2017-09-27,14.985474586486816,3.8353238105773926,15.961235046386719,6.855132579803467,73797.0
2017-09-28,14.905706405639648,3.8428397178649902,15.871256828308105,6.845389366149902,73567.0
2017-09-29,15.034034729003906,3.8328194618225098,15.931244850158691,6.949306488037109,74294.0
2017-10-02,15.060056686401367,3.8578708171844482,15.946237564086914,6.925899505615234,74360.0
2017-10-03,15.576969146728516,4.003166198730469,16.33614730834961,7.19616174697876,76763.0
2017-10-04,15.438199996948242,3.923003673553467,16.3011531829834,7.228724002838135,76591.0
2017-10-05,15.684510231018066,3.983126401901245,16.131195068359375,7.258029460906982,76618.0
2017-10-06,15.500645637512207,3.93051815032959,16.066207885742188,7.225467681884766,76055.0
2017-10-09,15.31678295135498,3.980619430541992,15.74628734588623,7.225467681884766,75727.0
2017-10-10,15.649822235107422,4.055773735046387,15.6563081741333,7.310127258300781,76897.0
2017-10-11,15.611661911010742,4.0282182693481445,15.546334266662598,7.4078145027160645,76660.0
2017-10-13,15.483302116394043,4.0282182693481445,16.451114654541016,7.472933769226074,76990.0
2017-10-16,15.403508186340332,4.038238525390625,16.67106819152832,7.4078145027160645,76892.0
2017-10-17,15.379225730895996,4.040743827819824,16.286161422729492,7.339432239532471,76201.0
2017-10-18,15.406967163085938,4.048259735107422,16.131195068359375,7.35245943069458,76591.0
2017-10-19,15.29594898223877,4.045753479003906,16.496109008789062,7.205930233001709,76283.0
2017-10-20,15.264734268188477,4.063289165496826,16.471113204956055,7.2938456535339355,76391.0
2017-10-23,15.122502326965332,4.058279037475586,16.351144790649414,7.046377658843994,75413.0
2017-10-24,15.233514785766602,4.1359381675720215,16.9110107421875,7.258029460906982,76350.0
2017-10-25,15.337590217590332,4.188544750213623,16.771045684814453,7.2450056076049805,76671.0
2017-10-26,15.243921279907227,4.191050052642822,16.331148147583008,7.017071723937988,75896.0
2017-10-27,15.15024471282959,4.266202449798584,16.27115821838379,7.030097007751465,75976.0
2017-10-30,14.955975532531738,4.203575134277344,16.171186447143555,6.854263782501221,74800.0
2017-10-31,14.588231086730957,4.201070308685303,16.04621696472168,6.9291558265686035,74308.0
2017-11-01,14.343563079833984,4.233637809753418,16.4061279296875,6.893338203430176,73824.0
2017-11-03,14.544851303100586,4.24365758895874,16.76604461669922,6.984510898590088,73915.0
2017-11-06,14.544851303100586,4.366407871246338,17.165950775146484,7.0691728591918945,74311.0
2017-11-07,14.263742446899414,4.133432388305664,16.756046295166016,6.8770551681518555,72415.0
2017-11-08,14.784317970275879,4.246163368225098,16.96599769592285,7.078938961029053,74363.0
2017-11-09,14.385209083557129,4.188544750213623,16.396133422851562,7.059401512145996,72931.0
2017-11-10,14.406034469604492,4.188544750213623,16.381134033203125,7.04963493347168,72166.0
2017-11-13,14.47890853881836,4.16850471496582,16.56609535217285,6.9356689453125,72475.0
2017-11-14,14.201272010803223,3.845345973968506,16.076208114624023,6.828213214874268,70827.0
2017-11-16,14.558734893798828,3.960580348968506,16.29615592956543,7.082195281982422,72512.0
2017-11-17,14.760019302368164,4.013186931610107,16.456119537353516,7.267798900604248,73437.0
2017-11-21,15.055009841918945,3.983126401901245,17.020984649658203,7.544572830200195,74595.0
2017-11-22,14.909250259399414,4.035732746124268,17.365907669067383,7.6520256996154785,74519.0
2017-11-23,14.864144325256348,4.055773735046387,17.595849990844727,7.5869035720825195,74487.0
2017-11-24,14.725317001342773,4.033227443695068,17.890779495239258,7.4892144203186035,74157.0
2017-11-27,14.815549850463867,3.9756109714508057,17.700824737548828,7.456656455993652,74059.0
2017-11-28,14.839832305908203,3.968095302581787,18.120723724365234,7.420839786529541,74140.0
2017-11-29,14.534439086914062,3.840334415435791,17.84579086303711,7.42409610748291,72700.0
2017-11-30,14.322741508483887,3.852860450744629,17.56585693359375,7.450145721435547,71971.0
2017-12-01,14.314059257507324,3.9104771614074707,17.735815048217773,7.378509044647217,72264.0
2017-12-04,14.525840759277344,3.877911329269409,18.41065788269043,7.538061618804932,73090.0
2017-12-05,14.439043045043945,3.8353238105773926,18.005756378173828,7.749713897705078,72546.0
2017-12-06,14.591800689697266,3.8879315853118896,17.875782012939453,7.765994548797607,73268.0
2017-12-07,14.543196678161621,3.82279896736145,17.665834426879883,7.508754730224609,72487.0
2017-12-08,14.668181419372559,3.845345973968506,17.735815048217773,7.538061618804932,72732.0
2017-12-11,14.706376075744629,3.852860450744629,17.875782012939453,7.531546115875244,72800.0
2017-12-12,14.82441520690918,3.88041615486145,18.08573341369629,7.635748863220215,73814.0
2017-12-13,14.494593620300293,3.80275821685791,18.05074691772461,7.717151641845703,72914.0
2017-12-14,14.26545238494873,3.7601723670959473,18.1157283782959,7.531546115875244,72429.0
2017-12-15,14.3157958984375,3.745140314102173,18.440649032592773,7.684591770172119,72608.0
2017-12-18,14.312315940856934,3.8127779960632324,18.915538787841797,7.6640448570251465,73115.0
2017-12-19,14.232182502746582,3.7927374839782715,18.920534133911133,7.530214786529541,72680.0
2017-12-20,14.284441947937012,3.8177881240844727,19.570383071899414,7.605291843414307,73367.0
2017-12-21,14.887177467346191,3.9731051921844482,19.860319137573242,7.8990607261657715,75133.0
2017-12-22,14.817501068115234,3.945549249649048,20.102783203125,7.921906471252441,75187.0
2017-12-26,14.876730918884277,4.000661849975586,20.133092880249023,8.062263488769531,75688.0
2017-12-27,14.796586990356445,4.020703315734863,20.138145446777344,8.058995246887207,76073.0
2017-12-28,14.834916114807129,4.033227443695068,20.340229034423828,7.869682788848877,76402.0
2017-12-29,14.834916114807129,4.033227443695068,20.340229034423828,7.869682788848877,76402.0
2018-01-02,15.293233871459961,4.1459574699401855,21.077857971191406,8.166712760925293,77891.0
2018-01-03,15.397789001464844,4.183534622192383,20.951549530029297,8.042679786682129,77995.0
2018-01-04,15.718422889709473,4.191050052642822,21.037437438964844,7.96433687210083,78647.0
2018-01-05,15.763741493225098,4.216100692749023,21.3658390045166,7.996979236602783,79071.0
2018-01-08,15.711453437805176,4.266202449798584,21.840742111206055,8.062263488769531,79379.0
2018-01-09,15.540678977966309,4.266202449798584,21.759904861450195,8.19282341003418,78864.0
2018-01-10,15.488399505615234,4.208585262298584,21.456775665283203,8.127543449401855,78201.0
2018-01-11,15.812527656555176,4.321315765380859,21.87610626220703,8.284218788146973,79365.0
2018-01-12,15.798579216003418,4.333840847015381,22.002410888671875,8.346237182617188,79349.0
2018-01-15,15.896169662475586,4.3463664054870605,21.96199607849121,8.401727676391602,79752.0
2018-01-16,16.04254913330078,4.4215216636657715,21.370885848999023,8.502913475036621,79832.0
2018-01-17,16.307422637939453,4.5993828773498535,21.80032730102539,8.453947067260742,81189.0
2018-01-18,16.269088745117188,4.5643110275268555,21.6538143157959,8.336443901062012,80963.0
2018-01-19,16.401525497436523,4.574331283569336,21.66391944885254,8.450689315795898,81220.0
2018-01-22,16.809307098388672,4.62693977355957,21.547718048095703,8.35603141784668,81675.0
2018-01-23,16.746566772460938,4.569323539733887,20.678733825683594,8.11448860168457,80678.0
2018-01-24,17.555139541625977,4.84488582611084,21.108173370361328,8.127543449401855,83680.0
2018-01-26,18.436906814575195,4.9926862716674805,20.931346893310547,8.163447380065918,85531.0
2018-01-29,18.015195846557617,4.972644805908203,21.163742065429688,7.902324199676514,84698.0
2018-01-30,17.94548797607422,4.882461071014404,20.951549530029297,7.833775520324707,84482.0
2018-01-31,18.213855743408203,4.9350690841674805,20.941448211669922,7.735856056213379,84913.0
2018-02-01,18.306238174438477,5.1404876708984375,21.11322593688965,7.6705732345581055,85495.0
2018-02-02,18.07614517211914,5.002706527709961,20.613052368164062,7.42576789855957,84041.0
2018-02-05,17.441654205322266,4.769730091094971,20.38570213317871,7.3441667556762695,81861.0
2018-02-06,18.069171905517578,5.007716655731201,21.456775665283203,7.566122531890869,83894.0
2018-02-07,17.640363693237305,4.869935035705566,21.072805404663086,7.474729537963867,82767.0
2018-02-08,17.55321502685547,4.772234916687012,21.012174606323242,7.256036758422852,81533.0
2018-02-09,17.59853744506836,4.702091693878174,21.21932029724121,7.154849529266357,80899.0
2018-02-14,18.358531951904297,4.822338104248047,22.487424850463867,7.474729537963867,83543.0
2018-02-15,18.362010955810547,4.8599138259887695,23.214946746826172,7.6411967277526855,84291.0
2018-02-16,18.508752822875977,4.864924907684326,23.255355834960938,7.464936256408691,84525.0
2018-02-19,18.36311912536621,5.022745609283447,23.467554092407227,7.497578144073486,84793.0
2018-02-20,18.814640045166016,5.120446681976318,22.992645263671875,7.49104642868042,85804.0
2018-02-21,19.062246322631836,5.072848796844482,22.63393783569336,7.455142498016357,86052.0
2018-02-22,19.16783905029297,5.195598602294922,23.0734806060791,7.504105567932129,86686.0
2018-02-23,19.29892921447754,5.290793418884277,23.28062629699707,7.78481388092041,87293.0
2018-02-26,19.277082443237305,5.390997886657715,23.947519302368164,7.88599967956543,87653.0
2018-02-27,18.989418029785156,5.385986804962158,23.912153244018555,7.768495082855225,86935.0
2018-02-28,18.34489631652832,5.375967979431152,22.760244369506836,7.6411967277526855,85481.0
2018-03-01,18.616268157958984,5.268249988555908,22.45711326599121,7.598764419555664,85378.0
2018-03-02,18.7146053314209,5.388494491577148,22.10345458984375,7.556330680847168,85761.0
2018-03-05,18.980493545532227,5.5413055419921875,22.078197479248047,7.455478191375732,86023.0
2018-03-06,18.91128921508789,5.48619270324707,21.97210121154785,7.442374229431152,85653.0
2018-03-07,18.88579559326172,5.428575038909912,21.894695281982422,7.393238067626953,85484.0
2018-03-08,18.75467300415039,5.436091899871826,21.18446159362793,7.353928565979004,84985.0
2018-03-09,19.013282775878906,5.608942031860352,21.511472702026367,7.534090995788574,86371.0
2018-03-12,19.22818946838379,5.593911647796631,21.69542121887207,7.501338005065918,86900.0
2018-03-13,19.07157325744629,5.538800239562988,21.526803970336914,7.435825347900391,86384.0
2018-03-14,18.645402908325195,5.6064372062683105,21.76695442199707,7.550472259521484,86051.0
2018-03-15,18.73282241821289,5.338390827178955,21.664764404296875,7.566850185394287,84928.0
2018-03-16,18.656320571899414,5.368452072143555,21.613666534423828,7.599605560302734,84886.0
2018-03-19,18.25566291809082,5.243197441101074,21.000513076782227,7.602884769439697,83913.0
2018-03-20,18.313932418823242,5.3008131980896,21.25599479675293,7.543920516967773,84164.0
2018-03-21,18.241090774536133,5.523768424987793,21.715856552124023,7.583229064941406,84977.0
2018-03-22,18.182819366455078,5.441099166870117,21.424612045288086,7.599605560302734,84768.0
2018-03-23,18.27022933959961,5.448615550994873,21.25599479675293,7.537369728088379,84377.0
2018-03-26,18.496055603027344,5.518758296966553,21.460378646850586,7.423267364501953,85088.0
2018-03-27,18.273874282836914,5.370957851409912,20.87788200378418,7.2919416427612305,83808.0
2018-03-28,18.441431045532227,5.310834884643555,21.225337982177734,7.354321002960205,83874.0
2018-03-29,18.68912124633789,5.363442420959473,21.567678451538086,7.423267364501953,85366.0
2018-04-02,18.599843978881836,5.235681056976318,21.971336364746094,7.328058242797852,84666.0
2018-04-03,18.424955368041992,5.188084125518799,21.90491485595703,7.328058242797852,84623.0
2018-04-04,18.545183181762695,5.105415344238281,21.74140739440918,7.33134126663208,84360.0
2018-04-05,18.581623077392578,5.298308372497559,22.099077224731445,7.301792144775391,85210.0
2018-04-06,18.672710418701172,5.33087682723999,21.838491439819336,7.144199371337891,84820.0
2018-04-09,18.257366180419922,5.142991542816162,21.9457950592041,6.993173599243164,83307.0
2018-04-10,18.34844398498535,5.360936164855957,22.91150665283203,7.058834075927734,84510.0
2018-04-11,18.65085792541504,5.461139678955078,22.809310913085938,7.094949722290039,85246.0
2018-04-12,18.814804077148438,5.431079387664795,22.89617919921875,7.17703104019165,85444.0
2018-04-13,18.377588272094727,5.310834884643555,22.98303985595703,7.239412784576416,84334.0
2018-04-16,18.107967376708984,5.165538787841797,22.75821876525879,7.272243499755859,82862.0
2018-04-17,18.40673828125,5.268249988555908,23.468460083007812,7.305074691772461,84086.0
2018-04-18,18.756511688232422,5.461139678955078,24.26044464111328,7.285375118255615,85776.0
2018-04-19,18.581623077392578,5.561345100402832,24.439287185668945,7.367455959320068,85824.0
2018-04-20,18.54155158996582,5.60142707824707,24.33708953857422,7.521763801574707,85550.0
2018-04-23,18.5743350982666,5.631486892700195,24.270673751831055,7.492215156555176,85602.0
2018-04-24,18.48324966430664,5.611445903778076,24.68454360961914,7.456099033355713,85469.0
2018-04-25,18.37395668029785,5.443606853485107,24.500598907470703,7.29850959777832,85044.0
2018-04-26,18.800228118896484,5.669064998626709,24.883813858032227,7.648496150970459,86383.0
2018-04-27,18.763797760009766,5.689106464385986,24.704978942871094,7.652763843536377,86445.0
2018-04-30,18.585262298583984,5.754239082336426,24.868486404418945,7.588741779327393,86115.0
2018-05-02,17.748849868774414,5.661550045013428,24.88892936706543,7.6869096755981445,84547.0
2018-05-03,17.398969650268555,5.623973369598389,25.083093643188477,7.5119147300720215,83288.0
2018-05-04,17.194883346557617,5.578880786895752,25.394784927368164,7.341189861297607,83118.0
2018-05-07,17.22039031982422,5.674077033996582,25.15973663330078,7.221683025360107,82714.0
2018-05-08,17.275074005126953,5.7392072677612305,25.134187698364258,7.19607400894165,82956.0
2018-05-09,17.329723358154297,6.207663059234619,25.67580795288086,7.230220794677734,84265.0
2018-05-10,17.80351448059082,6.450659275054932,26.26341438293457,7.5759382247924805,85861.0
2018-05-11,17.519241333007812,6.372999668121338,26.89189338684082,7.593011379241943,85220.0
2018-05-14,17.25684356689453,6.5734124183654785,27.729875564575195,7.635692596435547,85232.0
2018-05-15,17.19124412536621,6.711191654205322,27.924034118652344,7.938726425170898,85130.0
2018-05-16,17.490089416503906,6.8614983558654785,28.562742233276367,8.143599510192871,86537.0
2018-05-17,16.575319290161133,6.500762462615967,28.297040939331055,7.977141380310059,83622.0
2018-05-18,16.45868682861328,6.425609111785889,27.985349655151367,7.8106865882873535,83082.0
2018-05-21,16.232736587524414,6.2753005027771,27.080951690673828,7.652763843536377,81815.0
2018-05-22,16.626333236694336,6.202506065368652,26.743722915649414,7.699713230133057,82739.0
2018-05-23,16.312898635864258,5.841050148010254,26.539335250854492,7.691176891326904,80867.0
2018-05-24,16.52794647216797,5.040322780609131,26.805030822753906,8.032628059387207,80122.0
2018-05-25,16.38216209411621,4.970038414001465,26.304290771484375,7.981412410736084,78898.0
2018-05-28,15.689687728881836,4.244613170623779,26.094797134399414,7.546058654785156,75356.0
2018-05-29,15.635029792785645,4.844533443450928,25.629819869995117,7.413749694824219,76072.0
2018-05-30,15.664185523986816,4.764208793640137,25.86997413635254,7.332651138305664,76754.0
2018-06-01,15.975900650024414,4.056356430053711,26.95832061767578,7.277166843414307,77240.0
2018-06-04,16.32225227355957,4.400241374969482,26.8356876373291,7.170464038848877,78596.0
2018-06-05,15.815479278564453,4.164288520812988,27.45395278930664,6.9997382164001465,76642.0
2018-06-06,15.414444923400879,4.09902811050415,28.649612426757812,7.255825519561768,76117.0
2018-06-07,14.966007232666016,3.9559502601623535,27.780967712402344,7.012546062469482,73851.0
2018-06-08,15.002473831176758,3.827934980392456,26.002824783325195,7.042420387268066,72942.0
2018-06-11,14.56862735748291,3.868095874786377,25.98238754272461,6.858889102935791,72308.0
2018-06-12,14.539456367492676,3.880647659301758,26.416704177856445,6.782064914703369,72754.0
2018-06-13,14.39726734161377,3.8078532218933105,26.340057373046875,6.662558078765869,72122.0
2018-06-14,13.886850357055664,3.7902817726135254,26.421812057495117,6.508903980255127,71421.0
2018-06-15,14.02173900604248,3.7576510906219482,25.103534698486328,6.735117435455322,70758.0
2018-06-18,13.737380981445312,3.6396749019622803,25.144411087036133,6.5174407958984375,69815.0
2018-06-19,14.357170104980469,3.8706061840057373,24.679433822631836,6.491830348968506,71394.0
2018-06-20,14.623311042785645,4.068904876708984,24.940027236938477,6.572925090789795,72123.0
2018-06-21,14.23320484161377,3.7902817726135254,24.122486114501953,6.6028032302856445,70075.0
2018-06-22,14.342573165893555,3.7927920818328857,24.5312557220459,6.589997291564941,70641.0
2018-06-25,14.371742248535156,3.940889358520508,24.096935272216797,6.752187728881836,70953.0
2018-06-26,14.32435417175293,4.0262346267700195,24.69987678527832,6.811941623687744,71405.0
2018-06-27,14.065508842468262,4.154250621795654,24.602792739868164,6.709506034851074,70609.0
2018-06-28,14.455591201782227,4.1668009757995605,25.072874069213867,6.875965118408203,71767.0
2018-06-29,14.707165718078613,4.314897537231445,25.338573455810547,6.935717582702637,72763.0
2018-07-02,14.716273307800293,4.385181427001953,24.914474487304688,6.700051784515381,72840.0
2018-07-03,15.062764167785645,4.392711639404297,24.505704879760742,6.845517635345459,73668.0
2018-07-04,15.307116508483887,4.420324325561523,24.541471481323242,6.802731990814209,74743.0
2018-07-05,15.208645820617676,4.483076572418213,25.394784927368164,6.8369598388671875,74553.0
2018-07-06,15.34723949432373,4.503156661987305,25.72179412841797,6.990983963012695,75010.0
2018-07-10,15.387353897094727,4.4554643630981445,25.30791473388672,7.273360252380371,74862.0
2018-07-11,15.449352264404297,4.370119571685791,24.965572357177734,7.192071437835693,74399.0
2018-07-12,15.741131782531738,4.505666732788086,25.777999877929688,7.294753074645996,75856.0
2018-07-13,16.142309188842773,4.545827865600586,25.706464767456055,7.33753776550293,76594.0
2018-07-16,16.083953857421875,4.488096237182617,25.54806900024414,7.461615562438965,76653.0
2018-07-17,16.386674880981445,4.591010093688965,25.905744552612305,7.782498359680176,78130.0
2018-07-18,16.178781509399414,4.530769348144531,26.28896141052246,7.902296543121338,77363.0
2018-07-19,16.412212371826172,4.61862325668335,25.25682258605957,8.034927368164062,77487.0
2018-07-20,16.879043579101562,4.8420233726501465,24.89404296875,7.979307651519775,78571.0
2018-07-23,16.554443359375,4.834493160247803,25.343685150146484,8.096366882324219,77996.0
2018-07-24,16.543498992919922,4.934896469116211,26.21742820739746,8.165124893188477,79155.0
2018-07-25,17.065040588378906,5.0102009773254395,26.44225311279297,8.122148513793945,80218.0
2018-07-26,16.795156478881836,4.87214469909668,26.968538284301758,7.980338096618652,79405.0
2018-07-27,16.886335372924805,4.9625091552734375,27.31087875366211,7.92876672744751,79866.0
2018-07-30,17.130693435668945,4.992630958557129,27.760534286499023,7.993224620819092,80276.0
2018-07-31,16.412212371826172,4.949957370758057,28.0211238861084,7.954549312591553,79220.0
2018-08-01,16.61833953857422,5.022751331329346,27.111610412597656,7.8686041831970215,79302.0
2018-08-02,16.676713943481445,5.123157024383545,26.99919891357422,7.7181925773620605,79637.0
2018-08-03,17.074377059936523,5.29886531829834,27.624956130981445,7.7912468910217285,81435.0
2018-08-06,16.950328826904297,5.281293869018555,27.546106338500977,7.84281587600708,81051.0
2018-08-07,16.848186492919922,5.198459148406982,27.7300968170166,7.963144779205322,80347.0
2018-08-08,16.454160690307617,5.05538272857666,27.546106338500977,7.7912468910217285,79152.0
2018-08-09,16.36660385131836,5.10558557510376,27.25171661376953,7.761168003082275,78768.0
2018-08-10,15.77192211151123,4.917325973510742,27.183382034301758,7.447453498840332,76514.0
2018-08-13,15.895952224731445,5.0302815437316895,27.483022689819336,7.5763750076293945,77496.0
2018-08-14,16.224315643310547,5.027765274047852,27.735353469848633,7.550592422485352,78602.0
2018-08-15,16.114856719970703,4.793740749359131,26.499982833862305,7.5763750076293945,77078.0
2018-08-16,16.09296226501465,4.768575668334961,26.137264251708984,7.60645866394043,76819.0
2018-08-17,15.680700302124023,4.645272254943848,26.705001831054688,7.520510196685791,76029.0
2018-08-20,15.79180908203125,4.6201090812683105,27.04143714904785,7.494726181030273,76328.0
2018-08-21,15.587579727172852,4.459057807922363,27.193893432617188,7.520510196685791,75180.0
2018-08-22,15.958884239196777,4.617592811584473,28.019224166870117,7.679515361785889,76902.0
2018-08-23,15.338804244995117,4.516936779022217,28.045513153076172,7.683813095092773,75634.0
2018-08-24,15.453916549682617,4.605010986328125,28.46605682373047,7.597861289978027,76262.0
2018-08-27,15.966318130493164,4.7081828117370605,29.26511001586914,7.735379695892334,77930.0
2018-08-28,15.854920387268066,4.617592811584473,29.25459861755371,7.945957660675049,77473.0
2018-08-29,16.118558883666992,4.8566508293151855,29.02854347229004,8.057687759399414,78389.0
2018-08-30,15.483613967895508,4.730829238891602,28.686851501464844,8.096366882324219,76404.0
2018-08-31,15.695263862609863,4.846585273742676,28.187442779541016,8.225290298461914,76678.0
2018-09-03,15.477961540222168,4.781158924102783,28.413490295410156,8.079174995422363,76193.0
2018-09-04,15.344247817993164,4.693085670471191,27.335834503173828,8.014715194702148,74712.0
2018-09-05,15.43338680267334,4.718247890472412,27.414682388305664,7.980338096618652,75092.0
2018-09-06,15.823408126831055,4.7786431312561035,28.11385154724121,8.375699996948242,76416.0
2018-09-10,15.96827220916748,4.846585273742676,27.977170944213867,8.401483535766602,76436.0
2018-09-11,15.418533325195312,4.655338764190674,27.64598846435547,8.208096504211426,74657.0
2018-09-12,15.463109016418457,4.768575668334961,28.09807586669922,8.079174995422363,75125.0
2018-09-13,15.377684593200684,4.7081828117370605,28.271556854248047,8.053388595581055,74687.0
2018-09-14,15.648826599121094,4.728314399719238,29.018035888671875,8.25107479095459,75429.0
2018-09-17,16.020273208618164,4.881814479827881,28.933929443359375,8.294045448303223,76789.0
2018-09-18,16.005416870117188,5.09570837020874,30.143009185791016,8.22958755493164,78314.0
2018-09-19,16.11685562133789,5.027765274047852,30.794862747192383,8.160828590393066,78169.0
2018-09-20,16.012845993041992,5.000084400177002,31.18387222290039,8.203804016113281,78116.0
2018-09-21,16.28399658203125,5.068027973175049,32.07228088378906,8.358508110046387,79444.0
2018-09-24,15.879135131835938,5.0327982902526855,31.646482467651367,8.306530952453613,77984.0
2018-09-25,15.916275978088379,5.052929878234863,32.69785690307617,8.401269912719727,78630.0
2018-09-26,16.09084129333496,5.08060884475708,31.546594619750977,8.474471092224121,78656.0
2018-09-27,16.532859802246094,5.4001922607421875,31.26798439025879,8.569206237792969,80000.0
2018-09-28,16.39171600341797,5.307085990905762,31.446714401245117,8.50461196899414,79342.0
2018-10-01,16.207782745361328,5.284438133239746,31.751619338989258,8.392653465270996,78624.0
2018-10-02,16.832029342651367,5.742421627044678,32.172176361083984,8.500308990478516,81612.0
2018-10-03,17.593748092651367,5.986514568328857,31.515060424804688,8.366816520690918,83273.0
2018-10-04,17.612316131591797,6.044390678405762,30.910512924194336,8.229021072387695,82953.0
2018-10-05,17.552858352661133,6.029292106628418,30.221860885620117,8.224715232849121,82322.0
2018-10-08,18.596969604492188,6.693622589111328,29.990558624267578,8.203184127807617,86084.0
2018-10-09,18.500362396240234,6.748984336853027,30.33226203918457,7.880224227905273,86088.0
2018-10-10,17.86126708984375,6.55521821975708,29.380760192871094,7.923285484313965,83679.0
2018-10-11,17.64947509765625,6.3639726638793945,29.690919876098633,7.936203956604004,82921.0
2018-10-15,17.853836059570312,6.48475980758667,30.316490173339844,7.880224227905273,83360.0
2018-10-16,18.567241668701172,6.72633695602417,30.33226203918457,8.073996543884277,85718.0
2018-10-17,18.37403678894043,6.6558756828308105,30.910512924194336,8.030940055847168,85764.0
2018-10-18,17.82782745361328,6.4671454429626465,29.701425552368164,7.9275922775268555,83847.0
2018-10-19,17.809246063232422,6.522507667541504,29.717199325561523,8.009406089782715,84220.0
2018-10-22,18.06934928894043,6.676007270812988,30.68446159362793,8.030940055847168,85597.0
2018-10-23,18.13251495361328,6.592965126037598,29.832853317260742,8.267775535583496,85300.0
2018-10-24,17.660621643066406,6.46211051940918,28.613252639770508,8.332366943359375,83064.0
2018-10-25,17.86498260498047,6.623162746429443,28.70787811279297,8.185956954956055,84084.0
2018-10-26,18.19939613342285,6.945262908935547,29.22831153869629,7.785490989685059,85720.0
2018-10-29,17.86498260498047,6.6483259201049805,27.91408348083496,7.535735607147217,83797.0
2018-10-30,18.388896942138672,7.045917510986328,28.31886863708496,7.880224227905273,86886.0
2018-10-31,18.299718856811523,6.950294494628906,29.81182861328125,7.751041412353516,87424.0
2018-11-01,18.561742782592773,6.8748016357421875,30.22711753845215,7.837165832519531,88419.0
2018-11-05,18.762460708618164,7.086181163787842,30.242895126342773,8.05677318572998,89598.0
2018-11-06,18.881393432617188,6.842090129852295,30.08518409729004,8.052471160888672,88669.0
2018-11-07,18.89998435974121,6.618128776550293,30.274431228637695,8.121369361877441,87714.0
2018-11-08,18.639808654785156,6.3790717124938965,29.974790573120117,8.009406089782715,85620.0
2018-11-09,18.87396240234375,6.40675163269043,28.728906631469727,8.009406089782715,85641.0
2018-11-12,18.925994873046875,6.374039173126221,28.834043502807617,7.944814205169678,85525.0
2018-11-13,18.855379104614258,6.099750518798828,29.580522537231445,7.807019233703613,84914.0
2018-11-14,19.018918991088867,6.316161155700684,28.99700927734375,7.931900501251221,85973.0
2018-11-16,19.606170654296875,6.492308616638184,29.517436981201172,7.987876892089844,88515.0
2018-11-19,19.595020294189453,6.542636394500732,29.107402801513672,7.837165832519531,87901.0
2018-11-21,19.340429306030273,6.33377742767334,28.66582489013672,7.733816623687744,87269.0
2018-11-22,19.295820236206055,6.353987693786621,28.408235549926758,7.58740758895874,87477.0
2018-11-23,19.273517608642578,6.156925678253174,26.468442916870117,7.613245964050293,86230.0
2018-11-26,18.955734252929688,6.126607418060303,26.3475399017334,7.639081001281738,85547.0
2018-11-27,19.596879959106445,6.449991703033447,26.242393493652344,7.772569179534912,87891.0
2018-11-28,20.08750343322754,6.412095069885254,27.493528366088867,7.811323165893555,89251.0
2018-11-29,20.26590347290039,6.359042167663574,27.335834503173828,7.841470241546631,89710.0
2018-11-30,20.081928253173828,6.432307243347168,27.75638198852539,7.673527717590332,89504.0
2018-12-03,19.828142166137695,6.553575038909912,28.44503402709961,7.733816623687744,89820.0
2018-12-04,19.805835723876953,6.401991367340088,27.79844093322754,7.768265724182129,88624.0
2018-12-05,19.816991806030273,6.4575700759887695,27.75638198852539,7.686450958251953,89040.0
2018-12-06,19.9954776763916,6.212507724761963,27.493528366088867,7.677837371826172,88846.0
2018-12-07,19.833730697631836,6.257984161376953,26.962587356567383,7.617551326751709,88115.0
2018-12-10,19.303855895996094,5.921968460083008,26.38959312438965,7.410855293273926,85915.0
2018-12-11,19.476768493652344,5.884072303771973,26.59986686706543,7.492674350738525,86420.0
2018-12-12,19.610628128051758,5.886597156524658,26.47895050048828,7.449611186981201,86977.0
2018-12-13,19.956432342529297,5.901755332946777,26.59986686706543,7.479754447937012,87838.0
2018-12-14,19.81141471862793,5.823436260223389,26.747060775756836,7.471141338348389,87450.0
2018-12-17,19.28154754638672,5.777960300445557,26.941566467285156,7.285977840423584,86400.0
2018-12-18,19.59432601928711,5.55816125869751,27.04143714904785,7.247223377227783,86610.0
2018-12-19,19.332096099853516,5.621322154998779,26.289703369140625,7.363489627838135,85674.0
2018-12-20,19.326522827148438,5.429312229156494,26.1845703125,7.428079605102539,85269.0
2018-12-21,19.23725128173828,5.4444708824157715,26.736543655395508,7.4668378829956055,85697.0
2018-12-26,18.818817138671875,5.66570520401001,26.51575469970703,7.342195987701416,85136.0
2018-12-27,19.136829376220703,5.663092613220215,26.021604537963867,7.398341655731201,85460.0
2018-12-28,19.80633544921875,5.927038192749023,26.81014633178711,7.575420379638672,87887.0
2019-01-02,20.651941299438477,6.287677764892578,26.857458114624023,7.765456199645996,91012.0
2019-01-03,20.992414474487305,6.44186544418335,25.758760452270508,7.942530155181885,91564.0
2019-01-04,20.640789031982422,6.4601593017578125,27.435714721679688,8.033226013183594,91841.0
2019-01-07,20.679855346679688,6.562078952789307,27.28851318359375,7.907976150512695,91699.0
2019-01-08,20.94219207763672,6.522878646850586,27.55136489868164,7.8431925773620605,92032.0
2019-01-09,21.26034927368164,6.6587724685668945,28.224245071411133,7.929570198059082,93613.0
2019-01-10,21.11522102355957,6.601277828216553,27.91408348083496,7.990034580230713,93806.0
2019-01-11,20.986835479736328,6.530717849731445,27.53558921813965,8.07209587097168,93658.0
2019-01-14,21.143138885498047,6.494132041931152,27.6512393951416,8.162795066833496,94474.0
2019-01-15,20.813814163208008,6.4889044761657715,27.519817352294922,8.002992630004883,94056.0
2019-01-16,20.752416610717773,6.486291885375977,27.67752456665039,8.171430587768555,94393.0
2019-01-17,20.752416610717773,6.575145244598389,28.508113861083984,8.11960506439209,95351.0
2019-01-18,21.020336151123047,6.637866020202637,28.78672981262207,8.076416015625,96097.0
2019-01-21,20.84729766845703,6.671838760375977,29.060091018676758,8.128243446350098,96010.0
2019-01-22,20.813814163208008,6.567304611206055,28.95494842529297,8.015951156616211,95103.0
2019-01-23,20.953351974487305,6.64570426940918,29.25459861755371,8.106649398803711,96558.0
2019-01-24,20.92544174194336,6.6744537353515625,29.517436981201172,8.128243446350098,97677.0
2019-01-28,21.299415588378906,6.473227024078369,22.268186569213867,8.257811546325684,95444.0
2019-01-29,21.143138885498047,6.630025863647461,22.46794891357422,8.29668140411377,95639.0
2019-01-30,21.277090072631836,6.695359706878662,24.497108459472656,8.38737964630127,96996.0
2019-01-31,21.645465850830078,6.684906005859375,23.918851852416992,8.136879920959473,97394.0
2019-02-01,21.670602798461914,6.742398738861084,24.31311798095703,8.478078842163086,97861.0
2019-02-04,22.1619815826416,6.802505016326904,23.487791061401367,8.508307456970215,98589.0
2019-02-05,21.218305587768555,6.815572261810303,23.403675079345703,8.659467697143555,98311.0
2019-02-06,20.32491111755371,6.6613874435424805,22.320755004882812,8.352826118469238,94636.0
2019-02-07,20.397506713867188,6.556851863861084,21.863405227661133,8.279404640197754,94406.0
2019-02-08,20.833019256591797,6.567304611206055,22.688737869262695,8.205985069274902,95343.0
2019-02-11,20.5985107421875,6.491519927978516,22.089454650878906,8.158472061157227,94413.0
2019-02-12,21.089887619018555,6.721492290496826,23.28802490234375,8.149836540222168,96168.0
2019-02-13,20.60967445373535,6.807732105255127,23.913591384887695,8.0591402053833,95842.0
2019-02-14,21.156888961791992,7.042932987213135,24.00296401977539,8.136879920959473,98015.0
2019-02-15,20.93912696838379,7.014185428619385,24.11861228942871,8.162795066833496,97526.0
2019-02-18,20.60409164428711,6.993279933929443,23.787429809570312,8.240534782409668,96510.0
2019-02-19,21.07872200012207,7.155306816101074,23.913591384887695,8.374419212341309,97659.0
2019-02-20,20.810693740844727,7.066452503204346,24.076555252075195,8.115287780761719,96545.0
2019-02-21,21.190393447875977,7.160533428192139,23.855764389038086,8.154152870178223,96932.0
2019-02-22,21.48940658569336,7.089971542358398,24.702131271362305,8.227580070495605,97886.0
2019-02-25,21.161144256591797,6.977599143981934,24.770465850830078,8.007609367370605,97240.0
2019-02-26,21.237348556518555,6.946237564086914,24.812522888183594,7.951218605041504,97603.0
2019-02-27,21.049772262573242,7.076904773712158,24.61801528930664,8.059663772583008,97307.0
2019-02-28,20.651166915893555,7.071678638458252,24.759950637817383,7.99025821685791,95584.0
2019-03-01,20.431241989135742,6.977599143981934,24.57070541381836,7.955557346343994,94604.0
2019-03-06,20.437122344970703,6.993279933929443,25.259357452392578,8.059663772583008,94217.0
2019-03-07,20.718597412109375,6.99589204788208,25.68516731262207,8.03364086151123,94340.0
2019-03-08,20.964902877807617,6.969759941101074,25.67990493774414,8.155097961425781,95365.0
2019-03-11,21.651042938232422,7.251999378204346,26.221370697021484,8.23317813873291,98027.0
2019-03-12,21.697938919067383,7.186666965484619,26.268678665161133,8.246188163757324,97828.0
2019-03-13,21.932523727416992,7.343465805053711,26.652433395385742,8.319931030273438,98904.0
2019-03-14,21.58651351928711,7.36698579788208,26.657690048217773,8.28089427947998,98605.0
2019-03-15,21.580657958984375,7.38266658782959,26.57357406616211,8.354635238647461,99137.0
2019-03-18,21.615842819213867,7.510719299316406,26.526269912719727,8.28089427947998,99994.0
2019-03-19,21.11151123046875,7.630934238433838,27.28325843811035,8.28089427947998,99588.0
2019-03-20,20.636505126953125,7.570825576782227,26.578840255737305,8.13774585723877,98041.0
2019-03-21,20.27292251586914,7.463677883148193,26.752315521240234,8.050989151000977,96729.0
2019-03-22,19.67475700378418,7.055999279022217,26.31073570251465,7.903501987457275,93735.0
2019-03-25,19.704072952270508,7.144851207733154,26.04789161682129,7.854105472564697,93662.0
2019-03-26,19.909343719482422,7.481973648071289,26.431644439697266,7.836707592010498,95307.0
2019-03-27,19.234933853149414,7.144851207733154,26.074176788330078,7.588819980621338,91903.0
2019-03-28,19.997295379638672,7.333014011383057,25.916471481323242,7.849753379821777,94389.0
2019-03-29,20.190818786621094,7.333014011383057,26.773345947265625,7.828011512756348,95415.0
2019-04-01,20.041210174560547,7.317332744598389,27.6512393951416,7.858453273773193,96054.0
2019-04-02,19.72440528869629,7.393119812011719,27.141328811645508,7.936736106872559,95387.0
2019-04-03,19.548389434814453,7.19711971282959,27.220178604125977,8.03240966796875,94491.0
2019-04-04,19.84174156188965,7.440159320831299,27.41993522644043,8.180272102355957,96313.0
2019-04-05,20.270021438598633,7.521174430847168,27.325315475463867,8.293342590332031,97108.0
2019-04-08,20.146818161010742,7.643999099731445,28.066545486450195,8.15417766571045,97369.0
2019-04-09,20.035350799560547,7.620479583740234,27.519817352294922,8.049799919128418,96292.0
2019-04-10,20.00014305114746,7.521174430847168,27.209665298461914,7.971523284912109,95953.0
2019-04-11,19.536664962768555,7.317332744598389,27.22543716430664,7.928033828735352,94755.0
2019-04-12,19.33131980895996,6.750239849090576,27.062471389770508,7.932383060455322,92875.0
2019-04-15,19.3195858001709,6.776373863220215,26.983617782592773,8.00196647644043,93083.0
2019-04-16,19.301990509033203,6.982827186584473,27.91408348083496,8.15417766571045,94333.0
2019-04-17,19.002775192260742,6.990666389465332,27.467256546020508,8.049799919128418,93285.0
2019-04-18,19.26091766357422,7.212800025939941,27.640731811523438,8.1019926071167,94578.0
2019-04-22,19.20812225341797,7.170986175537109,26.96784782409668,8.15417766571045,94588.0
2019-04-23,19.454532623291016,7.233705043792725,27.293773651123047,8.371623992919922,95923.0
2019-04-24,19.483863830566406,7.212800025939941,26.473697662353516,8.175922393798828,95045.0
2019-04-25,19.783065795898438,7.2650651931762695,26.45793342590332,8.284647941589355,96552.0
2019-04-26,19.830013275146484,7.126330375671387,26.50524139404297,8.297691345214844,96236.0
2019-04-29,19.671602249145508,7.157712459564209,26.415870666503906,8.15417766571045,96188.0
2019-04-30,19.847610473632812,7.08971643447876,26.33701515197754,8.080248832702637,96353.0
2019-05-02,19.979671478271484,6.990342617034912,25.727216720581055,8.16287899017334,95528.0
2019-05-03,19.785980224609375,7.021724224090576,26.494728088378906,8.110689163208008,96008.0
2019-05-06,19.35163688659668,7.000802516937256,26.105716705322266,7.984570026397705,95009.0
2019-05-07,19.134469985961914,6.890964031219482,26.126747131347656,7.888894081115723,94389.0
2019-05-08,19.35163688659668,7.157712459564209,25.758760452270508,8.093289375305176,95597.0
2019-05-09,19.11099624633789,7.016493320465088,25.516948699951172,8.067201614379883,94808.0
2019-05-10,19.0229434967041,6.977265357971191,26.000585556030273,8.01501178741455,94258.0
2019-05-13,18.723604202270508,6.773283004760742,24.93343162536621,7.828011512756348,91727.0
2019-05-14,18.63556480407715,6.79943323135376,25.01753807067871,7.832359790802002,92092.0
2019-05-15,18.69426155090332,6.768051624298096,25.206790924072266,7.828011512756348,91623.0
2019-05-16,18.4536190032959,6.608526229858398,24.391969680786133,7.828011512756348,90024.0
2019-05-17,18.488828659057617,6.454232692718506,25.08588218688965,7.884548664093018,89993.0
2019-05-20,18.97011947631836,6.673905372619629,24.575963973999023,8.036757469177246,91946.0
2019-05-21,19.703798294067383,6.927575588226318,24.922922134399414,8.175922393798828,94485.0
2019-05-22,19.721418380737305,6.901328086853027,24.949201583862305,8.16287899017334,94361.0
2019-05-23,19.680322647094727,6.78319787979126,25.138450622558594,8.045455932617188,93910.0
2019-05-24,19.38685417175293,6.848825454711914,25.39603614807129,7.910644054412842,93628.0
2019-05-27,19.457286834716797,6.888200759887695,26.384326934814453,7.954131603240967,94864.0
2019-05-28,20.003143310546875,7.035207271575928,26.415870666503906,8.19766616821289,96393.0
2019-05-29,20.378801345825195,6.956453323364258,26.126747131347656,8.302040100097656,96567.0
2019-05-30,20.590105056762695,6.864575386047363,26.289703369140625,8.288995742797852,97457.0
2019-05-31,20.543136596679688,6.707070350646973,25.758760452270508,8.284647941589355,97030.0
2019-06-03,20.59892463684082,6.822574615478516,25.669397354125977,8.323783874511719,97020.0
2019-06-04,20.563690185546875,6.8777008056640625,25.816591262817383,8.271599769592285,97380.0
2019-06-05,20.164396286010742,6.788448333740234,25.438093185424805,8.21506118774414,95999.0
2019-06-06,20.37578773498535,6.898700714111328,25.653623580932617,8.21506118774414,97205.0
2019-06-07,20.593061447143555,7.0247063636779785,25.58003044128418,8.349879264831543,97821.0
2019-06-10,20.334680557250977,6.995828151702881,25.41180992126465,8.362924575805664,97467.0
2019-06-11,20.43450355529785,7.129708290100098,27.03618621826172,8.423809051513672,98960.0
2019-06-12,20.317068099975586,7.048329830169678,27.067729949951172,8.56297779083252,98321.0
2019-06-13,19.953001022338867,7.134958267211914,27.256980895996094,8.697789192199707,98774.0
2019-06-14,19.958879470825195,7.103457450866699,27.020421981811523,8.667349815368652,98040.0
2019-06-17,19.935382843017578,7.11658239364624,26.38959312438965,8.82826042175293,97623.0
2019-06-18,20.452123641967773,7.205836296081543,27.335834503173828,8.976117134094238,99404.0
2019-06-19,20.775089263916016,7.224211692810059,27.493528366088867,9.206611633300781,100303.0
2019-06-21,21.244840621948242,7.4237165451049805,27.567136764526367,9.319682121276855,102013.0
2019-06-24,21.197864532470703,7.415842056274414,27.546106338500977,9.384915351867676,102062.0
2019-06-25,20.93362808227539,7.221584796905518,27.009897232055664,9.206611633300781,100093.0
2019-06-26,21.432748794555664,7.263587474822998,27.11504554748535,9.197912216186523,100689.0
2019-06-27,21.285932540893555,7.14808464050293,27.178123474121094,9.289241790771484,100724.0
2019-06-28,21.291810989379883,7.19533634185791,27.24120330810547,9.289241790771484,100967.0
2019-07-01,21.19489097595215,7.155960559844971,28.203216552734375,9.40379524230957,101340.0
2019-07-02,21.11852264404297,7.040456295013428,27.015161514282227,9.395074844360352,100605.0
2019-07-03,21.48273468017578,7.134958267211914,26.962587356567383,9.456087112426758,102043.0
2019-07-04,21.729467391967773,7.1900835037231445,27.162355422973633,9.673967361450195,103636.0
2019-07-05,21.970314025878906,7.192710876464844,26.473697662353516,9.761122703552246,104089.0
2019-07-08,21.91156578063965,7.258336067199707,26.78385353088379,9.817769050598145,104530.0
2019-07-10,21.852825164794922,7.36859130859375,27.40416717529297,10.32325553894043,105817.0
2019-07-11,21.823450088500977,7.455218315124512,27.36211395263672,10.284039497375488,105146.0
2019-07-12,21.41811752319336,7.489344120025635,27.235946655273438,10.061798095703125,103906.0
2019-07-15,21.35936164855957,7.397466659545898,27.698551177978516,9.761122703552246,103803.0
2019-07-16,21.441617965698242,7.30558967590332,27.887805938720703,9.80905818939209,103775.0
2019-07-17,21.382858276367188,7.266212463378906,27.698551177978516,9.817769050598145,103856.0
2019-07-18,21.95269775390625,7.221584796905518,27.64598846435547,9.913637161254883,104717.0
2019-07-19,21.382858276367188,7.2032084465026855,27.714323043823242,9.931071281433105,103452.0
2019-07-22,21.747079849243164,7.216336727142334,27.572385787963867,9.848271369934082,103949.0
2019-07-23,21.958560943603516,7.224211692810059,27.209665298461914,9.839560508728027,103704.0
2019-07-24,21.94093894958496,7.179584503173828,26.626144409179688,10.022579193115234,104120.0
2019-07-25,21.265377044677734,7.058830261230469,26.542034149169922,9.931071281433105,102655.0
2019-07-26,21.647212982177734,6.861949920654297,26.405359268188477,10.179455757141113,102819.0
2019-07-29,21.73533058166504,6.924950122833252,26.421133041381836,10.314665794372559,103483.0
2019-07-30,21.012781143188477,6.888200759887695,26.289703369140625,10.49838924407959,102933.0
2019-07-31,20.4547119140625,6.846198558807373,26.1845703125,10.419650077819824,101812.0
2019-08-01,20.498788833618164,6.890827178955078,25.44335174560547,10.249051094055176,102126.0
2019-08-02,20.528169631958008,6.961703300476074,25.14896011352539,10.384653091430664,102674.0
2019-08-05,20.246070861816406,6.707070350646973,24.181697845458984,10.192182540893555,100098.0
2019-08-06,20.857282638549805,6.793700695037842,24.50762176513672,10.454643249511719,102164.0
2019-08-07,21.62715721130371,6.72019624710083,24.434022903442383,10.633993148803711,102782.0
2019-08-08,21.744693756103516,6.917077541351318,24.802011489868164,10.690857887268066,104115.0
2019-08-09,21.580142974853516,6.898700714111328,23.913591384887695,10.577129364013672,103996.0
2019-08-12,20.686847686767578,6.733320236206055,23.740116119384766,10.389029502868652,101915.0
2019-08-13,21.092361450195312,6.823275566101074,24.44454002380371,10.620866775512695,103299.0
2019-08-14,20.628082275390625,6.5930986404418945,23.592924118041992,10.100324630737305,100258.0
2019-08-15,20.569313049316406,6.4105448722839355,23.072490692138672,9.776623725891113,99057.0
2019-08-16,20.651620864868164,6.325883388519287,22.96735382080078,9.973468780517578,99806.0
2019-08-19,20.561429977416992,6.357631206512451,22.94632911682129,9.859736442565918,99469.0
2019-08-20,20.332975387573242,6.35498571395874,23.046205520629883,9.885982513427734,99222.0
2019-08-21,20.48928451538086,6.733321189880371,23.209169387817383,10.087200164794922,101202.0
2019-08-22,20.164628982543945,6.672468662261963,23.072490692138672,9.942849159240723,100011.0
2019-08-23,19.93016815185547,6.42377233505249,22.75181770324707,9.719758033752441,97667.0
2019-08-26,19.924156188964844,6.339111328125,22.49949073791504,9.426676750183105,96430.0
2019-08-27,20.158626556396484,6.4396491050720215,22.772846221923828,9.48354434967041,97276.0
2019-08-28,20.387081146240234,6.5057902336120605,22.856958389282227,9.66289234161377,98194.0
2019-08-29,20.495304107666016,6.746549129486084,23.708574295043945,9.798495292663574,100524.0
2019-08-30,20.405126571655273,6.746549129486084,23.95564842224121,9.842240333557129,101135.0
2019-09-02,20.14948844909668,6.693634510040283,24.186946868896484,9.9647216796875,100626.0
2019-09-03,19.764545440673828,6.773007869720459,23.929363250732422,9.706635475158691,99681.0
2019-09-04,19.902891159057617,6.9476237297058105,24.455055236816406,9.899104118347168,101201.0
2019-09-05,20.468278884887695,6.982017517089844,24.455055236816406,9.9647216796875,102243.0
2019-09-06,21.15397071838379,7.016412258148193,24.41825294494629,9.990968704223633,102935.0
2019-09-09,21.671234130859375,7.124886512756348,25.175249099731445,9.877230644226074,103181.0
2019-09-10,21.25019645690918,7.169862270355225,25.359243392944336,10.03033447265625,103032.0
2019-09-11,21.15397071838379,7.109011173248291,25.206790924072266,10.095948219299316,103446.0
2019-09-12,21.286291122436523,7.159278392791748,26.121484756469727,10.082826614379883,104371.0
2019-09-13,21.574996948242188,7.111656665802002,26.17405891418457,10.375905990600586,103501.0
2019-09-16,21.190046310424805,7.423851013183594,25.54322624206543,10.165938377380371,103680.0
2019-09-17,21.26824378967285,7.325957775115967,25.70619773864746,10.410900115966797,104617.0
2019-09-18,21.202072143554688,7.201611042022705,25.44335174560547,10.49838924407959,104532.0
2019-09-19,20.84720230102539,7.220130920410156,25.401296615600586,10.36278247833252,104339.0
2019-09-20,20.901329040527344,7.143407821655273,25.453857421875,10.673359870910645,104817.0
2019-09-23,20.83518409729004,7.27039909362793,25.28564453125,10.60364055633545,104638.0
2019-09-24,20.618648529052734,7.214841365814209,24.67058753967285,10.463425636291504,103876.0
2019-09-25,20.859237670898438,7.233360290527344,25.15947723388672,10.621170043945312,104481.0
2019-09-26,21.460718154907227,7.3286051750183105,25.15947723388672,10.621170043945312,105319.0
2019-09-27,21.370487213134766,7.318022727966309,25.054338455200195,10.572967529296875,105078.0
2019-09-30,21.06975555419922,7.288919925689697,25.10165023803711,10.61678695678711,104745.0
2019-10-01,20.591373443603516,7.278334617614746,25.08061981201172,10.61678695678711,104053.0
2019-10-02,20.0257511138916,7.069326400756836,23.708574295043945,10.441521644592285,101031.0
2019-10-03,20.031761169433594,7.074617385864258,23.887313842773438,10.37579345703125,101516.0
2019-10-04,20.12803077697754,7.013765811920166,24.49184799194336,10.345125198364258,102551.0
2019-10-07,19.754962921142578,6.923811912536621,24.202722549438477,10.012117385864258,100573.0
2019-10-08,19.670724868774414,6.884126663208008,23.8242244720459,9.994587898254395,99981.0
2019-10-09,19.983627319335938,7.016412258148193,24.008214950561523,10.020879745483398,101249.0
2019-10-10,20.12803077697754,7.074617385864258,24.83354949951172,10.064695358276367,101817.0
2019-10-11,20.38678741455078,7.212193012237549,25.569517135620117,10.371413230895996,103832.0
2019-10-14,20.72977066040039,7.225422382354736,25.227813720703125,10.406464576721191,104302.0
2019-10-15,20.681638717651367,7.302149295806885,25.18575668334961,10.419611930847168,104490.0
2019-10-16,20.97648811340332,7.389456748962402,24.602243423461914,10.678130149841309,105423.0
2019-10-17,20.850122451782227,7.318022727966309,24.554933547973633,10.621170043945312,105016.0
2019-10-18,20.60340690612793,7.302149295806885,24.19746208190918,10.673748970031738,104729.0
2019-10-21,20.940380096435547,7.34712553024292,24.817781448364258,10.708800315856934,106022.0
2019-10-22,21.59026336669922,7.558781623840332,24.865087509155273,10.840250968933105,107381.0
2019-10-23,21.89713478088379,7.659319877624512,24.76521110534668,11.322235107421875,107544.0
2019-10-24,21.99942970275879,7.492640018463135,24.575963973999023,11.436158180236816,106986.0
2019-10-25,22.143844604492188,7.7386908531188965,25.5274600982666,11.13382339477539,107364.0
2019-10-28,22.444721221923828,7.8312883377075195,25.601049423217773,11.208311080932617,108187.0
2019-10-29,22.047571182250977,7.889495372772217,25.57477378845215,11.182024955749512,107556.0
2019-10-30,22.185977935791016,7.958283424377441,25.54322624206543,11.326621055603027,108408.0
2019-10-31,21.800859451293945,8.040299415588379,24.812522888183594,11.173255920410156,107220.0
2019-11-01,21.882131576538086,8.050883293151855,25.464374542236328,11.339757919311523,108196.0
2019-11-04,21.954368591308594,8.032363891601562,26.18982696533203,11.44930362701416,108601.0
2019-11-05,22.333616256713867,7.844518184661865,26.21611213684082,11.716585159301758,108451.0
2019-11-06,22.03262710571289,7.860391616821289,26.121484756469727,11.904997825622559,108336.0
2019-11-07,22.165063858032227,8.17523193359375,26.342281341552734,12.308109283447266,109581.0
2019-11-08,21.83396339416504,7.942409992218018,25.85338592529297,12.373833656311035,107629.0
2019-11-11,21.93029022216797,8.056174278259277,25.301414489746094,12.74627685546875,108215.0
2019-11-12,21.557050704956055,7.995165824890137,25.18050765991211,12.48775577545166,106785.0
2019-11-13,21.34034538269043,7.963204860687256,24.770465850830078,12.79885482788086,105914.0
2019-11-14,21.47880744934082,7.80341100692749,24.707386016845703,12.820765495300293,106557.0
2019-11-18,21.382488250732422,7.744816303253174,25.028059005737305,12.838293075561523,106347.0
2019-11-19,21.147708892822266,7.664916515350342,25.32243537902832,12.794476509094238,105618.0
2019-11-21,21.364425659179688,7.949890613555908,25.453857421875,12.654261589050293,107497.0
2019-11-22,21.50889778137207,7.984512805938721,26.300222396850586,12.73313045501709,108692.0
2019-11-25,21.201889038085938,7.917930603027344,26.736543655395508,12.750658988952637,108424.0
2019-11-26,20.76845932006836,7.774111270904541,26.925790786743164,12.544721603393555,107059.0
2019-11-27,20.888858795166016,7.811398506164551,26.589351654052734,12.728750228881836,107708.0
2019-11-28,20.828670501708984,7.8646650314331055,26.47895050048828,12.89525318145752,108290.0
2019-11-29,20.949052810668945,7.7634596824646,26.273937225341797,13.329039573669434,108233.0
2019-12-02,21.247161865234375,7.742154121398926,26.988874435424805,13.215117454528809,109061.0
2019-12-03,21.253189086914062,7.7181854248046875,26.50524139404297,13.456109046936035,108956.0
2019-12-04,22.018030166625977,7.899287223815918,26.768085479736328,13.942471504211426,110301.0
2019-12-05,21.987916946411133,8.003153800964355,26.78385353088379,14.358732223510742,110622.0
2019-12-06,21.590444564819336,8.083052635192871,26.994125366210938,14.345588684082031,111126.0
2019-12-09,22.012008666992188,8.045766830444336,27.04143714904785,13.981908798217773,110977.0
2019-12-10,21.69281578063965,8.107023239135742,26.915281295776367,14.008197784423828,110672.0
2019-12-11,21.439884185791016,8.096369743347168,27.24646759033203,14.490178108215332,110964.0
2019-12-12,21.43386459350586,8.248177528381348,27.835235595703125,14.810046195983887,112200.0
2019-12-13,21.890579223632812,7.984512805938721,28.261035919189453,14.919587135314941,112565.0
2019-12-16,21.390186309814453,7.832705020904541,28.040258407592773,14.674215316772461,111896.0
2019-12-17,21.715726852416992,7.949890613555908,28.082307815551758,14.880152702331543,112616.0
2019-12-18,21.993059158325195,8.133655548095703,28.10859489440918,14.853863716125488,114315.0
2019-12-19,22.101581573486328,8.152300834655762,28.387208938598633,14.722410202026367,115131.0
2019-12-20,22.0051212310791,8.059085845947266,28.802505493164062,14.849482536315918,115121.0
2019-12-23,22.210105895996094,8.123001098632812,28.692115783691406,14.822388648986816,115863.0
2019-12-26,22.547718048095703,8.232196807861328,28.802505493164062,15.287362098693848,117203.0
2019-12-27,22.4874324798584,8.240823745727539,28.923572540283203,15.502312660217285,116534.0
2019-12-30,22.366844177246094,8.149016380310059,28.761686325073242,15.204020500183105,115964.0
2020-01-02,22.93680763244629,8.289423942565918,29.3174991607666,15.458447456359863,118573.0
2020-01-03,22.695554733276367,8.221920013427734,29.101646423339844,15.261051177978516,117707.0
2020-01-06,22.35779571533203,8.319125175476074,28.928970336914062,15.300525665283203,116878.0
2020-01-07,21.839122772216797,8.286724090576172,29.139419555664062,15.418966293334961,116662.0
2020-01-08,21.4832763671875,8.235420227050781,29.144821166992188,14.83554744720459,116247.0
2020-01-09,21.0550594329834,8.208418846130371,28.761686325073242,14.616214752197266,115947.0
2020-01-10,20.868085861206055,8.173318862915039,28.794065475463867,14.914504051208496,115503.0
2020-01-13,21.14552116394043,8.189518928527832,29.84092903137207,15.0548734664917,117325.0
2020-01-14,21.14552116394043,8.100414276123047,30.024398803710938,15.353167533874512,117632.0
2020-01-15,20.886186599731445,7.978908061981201,29.927268981933594,15.454059600830078,116414.0
2020-01-16,20.92840576171875,7.970808506011963,29.770771026611328,15.734795570373535,116704.0
2020-01-17,21.07315444946289,8.059914588928223,30.758277893066406,16.14276123046875,118478.0
2020-01-20,20.644933700561523,8.100414276123047,30.95254135131836,16.638446807861328,118862.0
2020-01-21,20.204652786254883,7.997810363769531,30.234844207763672,16.445436477661133,117026.0
2020-01-22,20.325279235839844,7.908705234527588,30.380544662475586,17.063947677612305,118391.0
2020-01-23,20.807775497436523,8.005908966064453,29.94884490966797,17.392948150634766,119528.0
2020-01-24,20.650968551635742,7.911406517028809,29.031494140625,18.17375946044922,118376.0
2020-01-27,20.204652786254883,7.56848669052124,27.25615692138672,17.971975326538086,114482.0
2020-01-28,20.198619842529297,7.776396751403809,27.62848663330078,18.428190231323242,116479.0
2020-01-29,19.885007858276367,7.78989839553833,27.38566017150879,18.594879150390625,115385.0
2020-01-30,20.174497604370117,7.814199447631836,27.790374755859375,17.971975326538086,115528.0
2020-01-31,19.794525146484375,7.681892395019531,27.126644134521484,17.287668228149414,113761.0
2020-02-03,19.85186004638672,7.608991622924805,27.47199821472168,17.840375900268555,114629.0
2020-02-04,20.008737564086914,7.730494499206543,28.20587921142578,17.774581909179688,115557.0
2020-02-05,20.129411697387695,7.66569185256958,28.59440803527832,18.147443771362305,116028.0
2020-02-06,20.081153869628906,7.879005432128906,28.75088882446289,18.79227638244629,115190.0
2020-02-07,20.340604782104492,7.811496734619141,28.1141414642334,18.02900505065918,113770.0
2020-02-10,20.684551239013672,7.865502834320068,27.083477020263672,18.217628479003906,112570.0
2020-02-11,21.161222457885742,7.9600067138671875,28.087160110473633,18.8843936920166,115371.0
2020-02-12,21.076757431030273,8.135516166687012,28.637577056884766,19.54677963256836,116674.0
2020-02-13,20.750919342041016,8.024810791015625,28.13572883605957,19.989818572998047,115662.0
2020-02-14,20.400955200195312,7.943805694580078,27.52056312561035,19.989818572998047,114381.0
2020-02-17,20.213897705078125,7.9276041984558105,28.821048736572266,20.081941604614258,115309.0
2020-02-18,20.298372268676758,8.032910346984863,28.491880416870117,19.60818862915039,114977.0
2020-02-19,20.58799934387207,8.248922348022461,28.49727439880371,21.41547203063965,116518.0
2020-02-20,20.515586853027344,8.078812599182129,28.168107986450195,20.832056045532227,114586.0
2020-02-21,20.320789337158203,7.8682026863098145,27.051101684570312,21.845361709594727,113681.0
2020-02-26,19.30722427368164,7.077062129974365,24.471715927124023,20.611974716186523,105718.0
2020-02-27,19.319664001464844,6.831348896026611,23.996858596801758,19.353158950805664,102984.0
2020-02-28,19.89794921875,6.842151165008545,23.91051483154297,18.99224281311035,104172.0
2020-03-02,19.83262825012207,7.163465976715088,25.016733169555664,20.682401657104492,106625.0
2020-03-03,19.471817016601562,7.033858776092529,25.01133155822754,21.091733932495117,105537.0
2020-03-04,19.65843391418457,7.260672092437744,26.20928955078125,21.329410552978516,107224.0
2020-03-05,18.986560821533203,6.82865047454834,25.281150817871094,20.55475425720215,102233.0
2020-03-06,18.58218765258789,6.164414882659912,24.07240104675293,19.37516975402832,97997.0
2020-03-09,17.294448852539062,4.333722114562988,20.413782119750977,17.495746612548828,86067.0
2020-03-10,17.723703384399414,4.741442680358887,24.18032455444336,18.44646644592285,92214.0
2020-03-11,16.280418395996094,4.279719829559326,21.98407554626465,17.253671646118164,85171.0
2020-03-12,14.681624412536621,3.402174234390259,19.075529098510742,14.524773597717285,72583.0
2020-03-13,16.30531120300293,4.158212661743164,23.1496524810791,15.198190689086914,82678.0
2020-03-16,14.806038856506348,3.534482002258301,21.066722869873047,12.064363479614258,71168.0
2020-03-17,15.676985740661621,3.5101799964904785,22.39958381652832,12.6233491897583,74617.0
2020-03-18,14.588302612304688,3.0484554767608643,20.856271743774414,11.650626182556152,66895.0
2020-03-19,14.215045928955078,3.2968690395355225,19.642127990722656,12.645357131958008,68332.0
2020-03-20,13.717361450195312,3.240165948867798,18.98918914794922,14.247483253479004,67069.0
2020-03-23,12.765543937683105,3.105158567428589,18.401002883911133,15.507574081420898,63570.0
2020-03-24,13.997305870056152,3.5776829719543457,20.311254501342773,15.886453628540039,69729.0
2020-03-25,14.681624412536621,3.8665971755981445,22.04343032836914,16.45917510986328,74956.0
2020-03-26,15.08598518371582,3.885498523712158,22.66399574279785,16.719100952148438,77710.0
2020-03-27,14.289687156677246,3.591183662414551,21.638715744018555,15.57806396484375,73429.0
2020-03-30,14.998889923095703,3.612785577774048,22.539884567260742,14.98771858215332,74640.0
2020-03-31,14.364347457885742,3.777493715286255,23.322330474853516,14.789467811584473,73020.0
2020-04-01,13.321649551391602,3.861196756362915,23.403270721435547,14.287235260009766,70967.0
2020-04-02,13.38389778137207,4.187914848327637,23.084897994995117,15.022965431213379,72253.0
2020-04-03,12.860992431640625,4.142012119293213,21.854564666748047,14.489892959594727,69538.0
2020-04-06,13.807202339172363,4.258118629455566,23.273759841918945,14.661707878112793,74073.0
2020-04-07,14.317658424377441,4.428225994110107,23.624513626098633,16.4327449798584,76358.0
2020-04-08,15.052204132080078,4.676638603210449,23.478818893432617,17.61783790588379,78625.0
2020-04-09,14.628910064697266,4.541631698608398,23.354705810546875,16.87330436706543,77682.0
2020-04-13,14.940166473388672,4.5713348388671875,24.05081558227539,17.296232223510742,78836.0
2020-04-14,15.126914024353027,4.517331600189209,24.029232025146484,17.13763427734375,79918.0
2020-04-15,14.566662788391113,4.422826290130615,23.30613899230957,16.741132736206055,78831.0
2020-04-16,14.19938850402832,4.2446184158325195,23.07410430908203,16.745540618896484,77812.0
2020-04-17,14.454617500305176,4.35532283782959,23.743236541748047,16.94379234313965,78990.0
2020-04-20,14.093559265136719,4.3067193031311035,22.91221809387207,17.225740432739258,78973.0
2020-04-22,13.925477027893066,4.522730827331543,23.1496524810791,18.02755355834961,80687.0
2020-04-23,13.726278305053711,4.5767340660095215,23.478818893432617,17.441617965698242,79673.0
2020-04-24,12.997945785522461,4.3067193031311035,23.61372184753418,17.053930282592773,75331.0
2020-04-27,13.427472114562988,4.441727161407471,24.040023803710938,17.886579513549805,78239.0
2020-04-28,14.535536766052246,4.657738208770752,24.07240104675293,18.318328857421875,81312.0
2020-04-29,14.728513717651367,4.914251327514648,25.216394424438477,18.239023208618164,83171.0
2020-04-30,14.174490928649902,4.873749732971191,24.207305908203125,17.595808029174805,80506.0
2020-05-04,13.635660171508789,4.692840099334717,23.70545768737793,17.551759719848633,78876.0
2020-05-05,14.140213966369629,4.844048500061035,23.581344604492188,17.18609619140625,79471.0
2020-05-06,13.853669166564941,4.665839672088623,23.921306610107422,17.106792449951172,79064.0
2020-05-07,13.355341911315918,4.709041118621826,24.849449157714844,17.221342086791992,78119.0
2020-05-08,13.903510093688965,4.9898552894592285,26.36038589477539,16.846866607666016,80263.0
2020-05-11,13.940887451171875,4.90075159072876,25.75600814819336,17.106792449951172,79065.0
2020-05-12,13.461238861083984,4.898052215576172,25.610313415527344,16.520856857299805,77872.0
2020-05-13,13.455010414123535,4.749543190002441,26.19310188293457,16.741132736206055,77772.0
2020-05-14,14.046782493591309,4.698241233825684,25.950271606445312,16.454763412475586,79011.0
2020-05-15,13.473697662353516,4.630737781524658,25.92868995666504,16.040645599365234,77557.0
2020-05-18,14.12152099609375,5.006056785583496,27.66086769104004,16.133163452148438,81194.0
2020-05-19,13.511077880859375,5.043857097625732,28.222070693969727,16.265329360961914,80742.0
2020-05-20,13.455010414123535,5.211266040802002,28.329992294311523,16.58253288269043,81319.0
2020-05-21,14.227426528930664,5.18156623840332,27.59071922302246,16.494422912597656,83027.0
2020-05-22,14.302170753479004,5.041157245635986,27.126644134521484,16.406307220458984,82173.0
2020-05-25,14.925098419189453,5.25986909866333,27.034908294677734,16.75875473022461,85663.0
2020-05-26,14.333321571350098,5.311172008514404,26.549251556396484,17.80727767944336,85469.0
2020-05-27,14.781822204589844,5.381375789642334,27.32630729675293,17.877765655517578,87946.0
2020-05-28,14.520196914672852,5.3381733894348145,27.02951431274414,17.921825408935547,86949.0
2020-05-29,14.352007865905762,5.492081642150879,28.59980583190918,18.428464889526367,87403.0
2020-06-01,14.747823715209961,5.489381313323975,28.826446533203125,18.5738468170166,88620.0
2020-06-02,15.738909721374512,5.778295040130615,28.826446533203125,18.688392639160156,91046.0
2020-06-03,16.15653419494629,5.797196865081787,28.955942153930664,18.7677001953125,93002.0
2020-06-04,16.624019622802734,5.786396026611328,30.035188674926758,19.296356201171875,93829.0
2020-06-05,16.991788864135742,5.967306137084961,29.468589782714844,19.529848098754883,94637.0
2020-06-08,17.677440643310547,6.083411693572998,29.560325622558594,20.17747688293457,97645.0
2020-06-09,17.328384399414062,5.864699363708496,29.67363929748535,20.181875228881836,96747.0
2020-06-10,16.57416343688965,5.778295040130615,29.247346878051758,19.82062339782715,94686.0
2020-06-12,16.243793487548828,5.562285423278809,28.81565284729004,19.494613647460938,92795.0
2020-06-15,15.86357307434082,5.589287757873535,29.07467269897461,19.503421783447266,92376.0
2020-06-16,16.318601608276367,5.770195960998535,29.889490127563477,19.719287872314453,93531.0
2020-06-17,16.524301528930664,5.789095878601074,30.32657814025879,20.336069107055664,95547.0
2020-06-18,17.172534942626953,5.832300186157227,30.310396194458008,20.32285499572754,96125.0
2020-06-19,17.509140014648438,5.797196865081787,29.770771026611328,20.358097076416016,96572.0
2020-06-22,16.96685028076172,5.656789779663086,29.679040908813477,20.08936309814453,95336.0
2020-06-23,16.742462158203125,5.845798492431641,29.997413635253906,20.318452835083008,95975.0
2020-06-24,16.106674194335938,5.670289516448975,29.889490127563477,20.28760528564453,94377.0
2020-06-25,16.299896240234375,5.797196865081787,30.218658447265625,21.68417739868164,95983.0
2020-06-26,16.02562713623047,5.62708854675293,30.013601303100586,22.027812957763672,93834.0
2020-06-29,16.505592346191406,5.848499774932861,30.018999099731445,22.009395599365234,95735.0
2020-06-30,15.86357307434082,5.818797588348389,30.175487518310547,22.31361198425293,95056.0
2020-07-01,16.278318405151367,5.861998558044434,29.430810928344727,23.186574935913086,96203.0
2020-07-02,16.55898094177246,5.956505298614502,29.94345474243164,23.618654251098633,96235.0
2020-07-03,16.52780532836914,5.934904098510742,29.819339752197266,23.808237075805664,96765.0
2020-07-06,17.294940948486328,6.078011512756348,30.526241302490234,23.45552635192871,98937.0
2020-07-07,16.446714401245117,6.002408027648926,30.418319702148438,23.7685604095459,97761.0
2020-07-08,16.802215576171875,6.115813732147217,30.930957794189453,23.940505981445312,99770.0
2020-07-09,16.808460235595703,5.9781060218811035,30.445302963256836,24.011049270629883,99160.0
2020-07-10,16.964387893676758,6.078011512756348,30.742090225219727,24.11686134338379,100032.0
2020-07-13,16.71491050720215,5.983506679534912,31.10902976989746,24.22267723083496,98697.0
2020-07-14,16.995569229125977,6.183316230773926,33.29448318481445,23.8038272857666,100440.0
2020-07-15,17.11406898498535,6.302123069763184,33.343055725097656,23.962547302246094,101791.0
2020-07-16,16.82717514038086,6.134713649749756,32.44188690185547,24.05073356628418,100553.0
2020-07-17,16.976858139038086,6.140115737915039,32.93833541870117,25.61149787902832,102888.0
2020-07-20,17.02674674987793,6.140115737915039,32.808834075927734,26.524141311645508,104426.0
2020-07-21,17.326128005981445,6.310224533081055,32.215248107910156,26.400693893432617,104310.0
2020-07-22,16.8833065032959,6.223818302154541,31.967021942138672,30.068920135498047,104290.0
2020-07-23,16.52780532836914,6.094332695007324,31.756567001342773,29.531038284301758,102293.0
2020-07-24,16.50908851623535,6.137537479400635,31.621665954589844,29.411989212036133,102382.0
2020-07-27,17.33860206604004,6.264446258544922,33.11640548706055,30.89922523498535,104477.0
2020-07-28,17.238811492919922,6.156438827514648,32.56060028076172,29.68004035949707,104109.0
2020-07-29,17.64420509338379,6.256344795227051,33.96901321411133,29.5872745513916,105605.0
2020-07-30,17.344837188720703,6.161838531494141,33.062442779541016,30.037837982177734,105009.0
2020-07-31,16.77104377746582,5.994425296783447,32.760257720947266,29.750717163085938,102912.0
2020-08-03,17.023775100708008,5.886417865753174,32.51743698120117,29.40616798400879,102830.0
2020-08-04,16.03156280517578,5.881019115447998,32.7548713684082,29.503339767456055,101216.0
2020-08-05,16.019075393676758,6.259047031402588,33.558902740478516,30.12618637084961,102802.0
2020-08-06,16.24372673034668,6.269845962524414,33.3646354675293,30.846208572387695,104126.0
2020-08-07,15.900495529174805,6.153738498687744,32.619964599609375,30.236608505249023,102776.0
2020-08-10,16.106435775756836,6.33195161819458,33.564300537109375,30.47515869140625,103444.0
2020-08-11,15.919238090515137,6.232044219970703,32.528228759765625,29.759544372558594,102174.0
2020-08-12,15.738262176513672,6.340051174163818,33.18656539916992,30.037837982177734,102118.0
2020-08-13,15.288957595825195,6.167238235473633,32.566001892089844,30.435392379760742,100461.0
2020-08-14,15.432475090026855,6.121335506439209,33.105621337890625,30.55467414855957,101353.0
2020-08-17,15.064301490783691,6.1024322509765625,33.58048629760742,30.02458953857422,99595.0
2020-08-18,15.159917831420898,6.21584415435791,34.02836990356445,29.90532684326172,102065.0
2020-08-19,15.084869384765625,6.180739879608154,33.66682434082031,29.10137176513672,100854.0
2020-08-20,15.084869384765625,6.137537479400635,33.96901321411133,29.69329071044922,101468.0
2020-08-21,15.05985164642334,6.0916337966918945,33.564300537109375,29.861148834228516,101521.0
2020-08-24,15.310016632080078,6.2023420333862305,33.974403381347656,29.361995697021484,102298.0
2020-08-25,15.197452545166016,6.175340175628662,33.251319885253906,30.165943145751953,102118.0
2020-08-26,14.878487586975098,5.999825954437256,33.32146072387695,29.344324111938477,100627.0
2020-08-27,15.122394561767578,5.980925559997559,32.80343246459961,29.28247833251953,100624.0
2020-08-28,15.278752326965332,6.086234092712402,32.9707145690918,29.68004035949707,102143.0
2020-08-31,14.72838306427002,5.910719871520996,32.20445251464844,28.544788360595703,99369.0
2020-09-01,15.232166290283203,6.175340175628662,33.32686233520508,29.565187454223633,102168.0
2020-09-02,15.200875282287598,6.156438827514648,33.089439392089844,29.512176513671875,101911.0
2020-09-03,15.570104598999023,6.178040027618408,32.010196685791016,28.460853576660156,100721.0
2020-09-04,15.620157241821289,6.188839912414551,32.64155197143555,28.48735809326172,101242.0
2020-09-08,15.269707679748535,6.0106282234191895,31.983213424682617,27.829174041748047,100050.0
2020-09-09,15.28848934173584,6.137537479400635,32.377132415771484,28.681718826293945,101292.0
2020-09-10,14.963069915771484,5.972825527191162,31.583890914916992,27.57297134399414,98835.0
2020-09-11,14.787839889526367,5.90802001953125,33.42938995361328,27.42719841003418,98363.0
2020-09-14,15.050675392150879,5.854016304016113,33.40781021118164,27.97494888305664,100275.0
2020-09-15,14.850425720214844,5.851316452026367,33.7801399230957,28.306245803833008,100298.0
2020-09-16,14.80661392211914,5.867516994476318,32.90056610107422,27.80267333984375,99676.0
2020-09-17,14.825387001037598,5.980925559997559,33.49954605102539,27.749658584594727,100098.0
2020-09-18,14.456158638000488,5.8459153175354,33.27289962768555,27.38302230834961,98290.0
2020-09-21,14.331000328063965,5.643402099609375,32.377132415771484,28.00586700439453,96991.0
2020-09-22,14.456158638000488,5.616400241851807,32.49941635131836,28.544788360595703,97294.0
2020-09-23,14.068157196044922,5.462489128112793,33.22462463378906,27.608308792114258,95735.0
2020-09-24,14.412353515625,5.508391857147217,32.97726058959961,28.48735809326172,97012.0
2020-09-25,14.337260246276855,5.435488700866699,33.30894088745117,28.381343841552734,96999.0
2020-09-28,14.331000328063965,5.300477504730225,33.04472351074219,27.795499801635742,94666.0
2020-09-29,14.018094062805176,5.214071273803711,32.80298614501953,28.701539993286133,93580.0
2020-09-30,14.080678939819336,5.295077323913574,33.230247497558594,29.03742790222168,94603.0
2020-10-01,14.102595329284668,5.3598809242248535,33.089691162109375,29.567792892456055,95479.0
2020-10-02,14.1464262008667,5.13576602935791,32.7861328125,29.634096145629883,94016.0
2020-10-05,14.29671859741211,5.40848445892334,33.500083923339844,31.0174560546875,96089.0
2020-10-06,14.321768760681152,5.3814826011657715,32.954776763916016,31.592018127441406,95615.0
2020-10-07,14.215312957763672,5.3436808586120605,33.82614517211914,32.33894729614258,95526.0
2020-10-08,15.073247909545898,5.519192218780518,34.45578384399414,33.22731018066406,97920.0
2020-10-09,15.02940845489502,5.34637975692749,34.63006591796875,33.98749542236328,97483.0
2020-10-13,14.885369300842285,5.435488700866699,34.93364334106445,34.98193359375,98503.0
2020-10-14,14.84154987335205,5.392283916473389,35.417110443115234,35.61393737792969,99334.0
2020-10-15,14.710038185119629,5.33288049697876,35.1191520690918,35.69791793823242,99054.0
2020-10-16,14.472067832946777,5.2194719314575195,34.98986053466797,36.263648986816406,98309.0
2020-10-19,14.628622055053711,5.27077579498291,34.82682418823242,36.26805114746094,98658.0
2020-10-20,15.211016654968262,5.44898796081543,34.764984130859375,36.926605224609375,100540.0
2020-10-21,15.348773956298828,5.443587303161621,35.33277893066406,34.65045928955078,100552.0
2020-10-22,16.137828826904297,5.627200126647949,35.47332763671875,36.2901496887207,101918.0
2020-10-23,15.93117618560791,5.554296016693115,35.67008590698242,36.095699310302734,101260.0
2020-10-26,16.043893814086914,5.467889785766602,35.136024475097656,36.57303237915039,101017.0
2020-10-27,15.586751937866211,5.367981910705566,35.15288543701172,36.789588928222656,99606.0
2020-10-28,14.891634941101074,5.041258811950684,33.876747131347656,34.977508544921875,95369.0
2020-10-29,14.966787338256836,5.208670616149902,34.866188049316406,35.37086486816406,96582.0
2020-10-30,14.703763961791992,5.11416482925415,34.03977966308594,33.514583587646484,93952.0
2020-11-03,15.064079284667969,5.305876731872559,35.60824966430664,34.17312240600586,95587.0
2020-11-04,15.665650367736816,5.324779987335205,34.61882019042969,36.32993698120117,97811.0
2020-11-05,16.035348892211914,5.370682716369629,35.16413116455078,37.898929595947266,100774.0
2020-11-06,16.016555786132812,5.33288049697876,35.52391815185547,37.125492095947266,100799.0
2020-11-09,17.313669204711914,5.835116386413574,35.52391815185547,36.29899597167969,103913.0
2020-11-10,18.09694480895996,6.232044219970703,35.50706481933594,34.92888641357422,105351.0
2020-11-11,17.94655990600586,6.178040027618408,35.75440979003906,35.618370056152344,104532.0
2020-11-12,17.507917404174805,5.916120529174805,35.231590270996094,35.71118927001953,102175.0
2020-11-13,17.84004020690918,6.110535621643066,35.557655334472656,36.62606430053711,104512.0
2020-11-16,18.466655731201172,6.288748264312744,36.49648666381836,36.0559196472168,106430.0
2020-11-17,18.47918701171875,6.396756172180176,37.648948669433594,36.10454559326172,107229.0
2020-11-18,18.028011322021484,6.358951568603516,37.35662078857422,35.83935546875,106483.0
2020-11-19,18.053077697753906,6.431857585906982,38.07058334350586,35.768638610839844,106517.0
2020-11-23,18.109479904174805,6.777482032775879,40.07754898071289,34.69907760620117,107379.0
2020-11-24,18.61705780029297,7.079902648925781,42.05080032348633,34.00517272949219,109786.0
2020-11-25,18.39773178100586,7.088006496429443,42.44431686401367,34.17312240600586,110133.0
2020-11-26,18.009225845336914,6.971896648406982,43.04584884643555,34.341068267822266,110227.0
2020-11-27,18.14708137512207,6.885491371154785,44.097110748291016,34.03168869018555,110575.0
2020-11-30,17.896427154541016,6.723480224609375,43.84975051879883,32.51572799682617,108888.0
2020-12-01,18.65191078186035,6.912492752075195,45.67683410644531,32.52899932861328,111335.0
2020-12-02,18.79611587524414,6.996200084686279,44.8841552734375,32.3654670715332,111814.0
2020-12-03,18.7835693359375,7.193312168121338,44.389442443847656,32.674842834472656,112919.0
2020-12-04,18.971654891967773,7.433629512786865,46.08721923828125,31.73344612121582,113682.0
2020-12-07,19.084508895874023,7.290519714355469,46.63252258300781,31.649484634399414,113625.0
2020-12-08,19.034347534179688,7.198713302612305,46.60441970825195,32.13121795654297,113571.0
2020-12-09,19.147207260131836,7.274317741394043,46.491973876953125,31.3798770904541,112722.0
2020-12-10,19.78042984008789,7.511933326721191,47.78498840332031,31.3798770904541,114992.0
2020-12-11,19.663551330566406,7.444430828094482,47.7062873840332,31.3798770904541,115323.0
2020-12-14,19.39970588684082,7.4579315185546875,46.96983337402344,31.180999755859375,114975.0
2020-12-15,19.575599670410156,7.520036220550537,47.50389862060547,32.153316497802734,116146.0
2020-12-16,19.946250915527344,7.611842155456543,48.47085189819336,32.396400451660156,117947.0
2020-12-17,19.921127319335938,7.625343322753906,49.02177429199219,33.488075256347656,118157.0
2020-12-18,19.88972282409668,7.587541580200195,49.35908126831055,32.20634841918945,117679.0
2020-12-21,19.537904739379883,7.2959208488464355,48.83064651489258,31.842374801635742,116016.0
2020-12-22,19.632137298583984,7.366125583648682,48.8756103515625,32.200557708740234,116348.0
2020-12-23,20.06561851501465,7.5470380783081055,49.11172866821289,32.11211395263672,117857.0
2020-12-28,20.21010971069336,7.609140872955322,49.083614349365234,33.385643005371094,119051.0
2020-12-29,20.166135787963867,7.633445739746094,48.94868850708008,33.230857849121094,119475.0
2020-12-30,19.87087059020996,7.652346134185791,49.162315368652344,33.49176025390625,119306.0
2021-01-04,19.421470642089844,7.806254863739014,51.41665267944336,32.99650955200195,118558.0
2021-01-05,19.295757293701172,8.11137866973877,52.28239822387695,35.02176284790039,119223.0
2021-01-06,19.86144256591797,8.127578735351562,53.99704360961914,35.95036315917969,119851.0
2021-01-07,20.634521484375,8.370597839355469,57.521881103515625,37.43613052368164,121956.0
2021-01-08,20.62824249267578,8.402998924255371,57.341983795166016,39.700172424316406,125077.0
2021-01-11,20.163131713867188,8.332795143127441,57.33073806762695,38.48413848876953,122807.0
2021-01-12,20.225982666015625,8.2706880569458,55.76226043701172,39.82839584350586,123998.0
2021-01-13,19.89286994934082,7.8710618019104,54.09260177612305,39.921260833740234,122040.0
2021-01-14,20.483678817749023,7.952065944671631,54.98085021972656,39.73997116088867,123481.0
2021-01-15,19.710588455200195,7.592940330505371,52.591609954833984,38.09943389892578,120502.0
2021-01-18,19.61003303527832,7.579439163208008,53.018856048583984,40.774688720703125,121242.0
2021-01-19,19.377466201782227,7.74685001373291,52.8783073425293,39.620567321777344,120673.0
2021-01-20,19.056930541992188,7.617242336273193,51.900123596191406,39.22259521484375,119708.0
2021-01-21,18.799230575561523,7.43903112411499,52.48478698730469,38.75827407836914,118443.0
2021-01-22,18.3969669342041,7.314819812774658,52.377960205078125,39.34199142456055,117172.0
2021-01-26,17.78635597229004,7.290519714355469,51.57967758178711,39.33314514160156,116464.0
2021-01-27,17.78635597229004,7.398527145385742,50.1461296081543,39.218170166015625,115882.0
2021-01-28,18.50411033630371,7.495735168457031,51.214263916015625,38.89979553222656,119314.0
2021-01-29,17.843019485473633,7.206812381744385,49.44340133666992,37.051422119140625,116007.0
2021-02-01,18.31863021850586,7.433629512786865,51.309837341308594,37.38307189941406,117365.0
2021-02-02,17.928054809570312,7.738750457763672,49.2803840637207,37.68818664550781,118234.0
2021-02-03,17.839866638183594,7.814355850219727,50.83759689331055,39.209327697753906,119725.0
2021-02-04,17.764284133911133,7.781952857971191,50.196720123291016,37.83853530883789,119261.0
2021-02-05,17.688688278198242,7.787354469299316,52.10811996459961,37.36539840698242,119925.0
2021-02-08,17.361116409301758,7.5902419090271,52.850196838378906,37.807579040527344,119516.0
2021-02-09,17.56900405883789,7.436330795288086,52.9851188659668,37.59090805053711,119429.0
2021-02-10,17.443010330200195,7.506535530090332,53.238101959228516,38.04194259643555,118430.0
2021-02-11,17.443010330200195,7.582138538360596,52.3386116027832,38.470863342285156,119235.0
2021-02-12,17.487102508544922,7.679347515106201,52.78273391723633,38.3249397277832,119116.0
2021-02-17,17.70758056640625,7.989868640899658,54.165687561035156,37.12217330932617,120391.0
2021-02-18,17.581584930419922,7.903463363647461,54.75597381591797,36.87013244628906,119140.0
2021-02-19,17.398906707763672,7.3796257972717285,54.9639778137207,36.808223724365234,118748.0
2021-02-22,16.132734298706055,5.851316452026367,53.603515625,36.578285217285156,112668.0
2021-02-23,17.165836334228516,6.496661186218262,54.502994537353516,36.993927001953125,115227.0
2021-02-24,16.913862228393555,6.588469505310059,55.053932189941406,38.33821487426758,115668.0
2021-02-25,16.38471221923828,6.261745452880859,53.8058967590332,35.37549591064453,112256.0
2021-02-26,16.186412811279297,6.005228042602539,53.136905670166016,34.51323318481445,110035.0
2021-03-01,15.701481819152832,5.94042444229126,55.413726806640625,34.646209716796875,110335.0
2021-03-02,16.335376739501953,5.937722206115723,57.11711502075195,34.228668212890625,111540.0
2021-03-03,16.373409271240234,5.721707820892334,56.414398193359375,34.20201873779297,111184.0
2021-03-04,16.886871337890625,5.999825954437256,55.57675552368164,32.5274543762207,112690.0
2021-03-05,17.514408111572266,6.045730113983154,58.87361526489258,32.44305419921875,115202.0
2021-03-08,16.956588745117188,5.6974053382873535,58.55635452270508,30.715190887451172,110612.0
2021-03-09,17.191129684448242,5.829716205596924,57.968849182128906,31.75901222229004,111331.0
2021-03-10,17.31791114807129,6.032228469848633,57.07584762573242,32.10547637939453,112776.0
2021-03-11,17.343265533447266,6.288748264312744,58.573974609375,31.945571899414062,114984.0
2021-03-12,17.22916603088379,6.256344795227051,57.22272491455078,31.60355567932129,114160.0
2021-03-15,17.432004928588867,6.385953903198242,56.88197326660156,32.52301025390625,114851.0
2021-03-16,17.077028274536133,6.286048889160156,56.69984817504883,32.602962493896484,114019.0
2021-03-17,17.742612838745117,6.5020623207092285,57.51648712158203,32.50969696044922,116549.0
2021-03-18,17.844036102294922,6.275247573852539,56.49423599243164,31.896713256835938,114835.0
2021-03-19,17.8820743560791,6.480462074279785,55.6834716796875,31.95889663696289,116222.0
2021-03-22,17.983489990234375,6.350852966308594,54.76109313964844,31.670181274414062,114979.0
2021-03-23,17.5270938873291,6.156438827514648,53.497962951660156,31.80788803100586,113262.0
2021-03-24,17.222820281982422,6.161838531494141,54.7258415222168,31.32370376586914,112064.0
2021-03-25,17.5270938873291,6.264446258544922,54.3087158203125,31.56801986694336,113750.0
2021-03-26,17.825969696044922,6.334651470184326,56.12409210205078,32.30980682373047,114781.0
2021-03-29,17.819622039794922,6.434560298919678,57.5634765625,32.04042053222656,115419.0
2021-03-30,18.111753463745117,6.434560298919678,57.02885055541992,33.35136413574219,116850.0
2021-03-31,17.762466430664062,6.507463455200195,57.557594299316406,33.13361358642578,116634.0
2021-04-01,17.219205856323242,6.450758457183838,57.216854095458984,33.35580825805664,115253.0
2021-04-05,17.441591262817383,6.4912614822387695,60.74187088012695,34.17793655395508,117518.0
2021-04-06,17.238269805908203,6.4858622550964355,59.95461654663086,34.26237106323242,117499.0
2021-04-07,17.08577537536621,6.480462074279785,61.42924118041992,33.844642639160156,117624.0
2021-04-08,16.95233917236328,6.399455547332764,61.39398956298828,33.977962493896484,118313.0
2021-04-09,16.926923751831055,6.385953903198242,60.512733459472656,33.555789947509766,117670.0
2021-04-12,17.34627914428711,6.450758457183838,60.747737884521484,33.555789947509766,118812.0
2021-04-13,17.33993148803711,6.472361087799072,60.85348129272461,33.32026290893555,119297.0
2021-04-14,17.56231689453125,6.574966907501221,62.86274719238281,33.87574768066406,120295.0
2021-04-15,17.56231689453125,6.444580078125,63.573631286621094,34.795650482177734,120701.0
2021-04-16,17.759286880493164,6.405505657196045,63.843875885009766,34.24015426635742,121114.0
2021-04-19,17.492422103881836,6.7767157554626465,63.2916259765625,33.684669494628906,120934.0
2021-04-20,17.40346336364746,6.648327827453613,62.36925506591797,32.826995849609375,120062.0
2021-04-22,17.409814834594727,6.617623805999756,62.41037368774414,32.387054443359375,119371.0
2021-04-23,17.492422103881836,6.612043380737305,63.44437789916992,33.42247772216797,120530.0
2021-04-26,17.479717254638672,6.6371612548828125,63.78512191772461,33.164730072021484,120595.0
2021-04-27,17.212848663330078,6.447369575500488,64.69576263427734,32.89366149902344,119388.0
2021-04-28,17.961946487426758,6.681819438934326,65.75325775146484,32.440372467041016,121053.0
2021-04-29,17.395254135131836,6.592505931854248,65.77088165283203,31.542720794677734,120066.0
2021-04-30,17.52897071838379,6.592505931854248,64.04949188232422,31.1160888671875,118894.0
2021-05-03,17.774242401123047,6.53947639465332,63.720497131347656,30.61838150024414,119209.0
2021-05-04,17.01612663269043,6.388756275177002,64.68399810791016,29.951801300048828,117712.0
2021-05-05,17.500301361083984,6.651119232177734,65.0423812866211,30.849462509155273,119564.0
2021-05-06,17.391998291015625,6.559013843536377,67.5921401977539,29.978458404541016,119921.0
2021-05-07,17.60222816467285,6.80462646484375,67.82714080810547,29.70294189453125,122038.0
2021-05-10,17.863431930541992,6.893941402435303,67.38064575195312,28.716402053833008,121909.0
2021-05-11,17.82520866394043,7.019539833068848,69.74828338623047,28.698625564575195,122964.0
2021-05-12,17.564008712768555,6.916271209716797,67.16914367675781,27.79207420349121,119710.0
2021-05-13,18.07366371154785,6.974883079528809,66.08812713623047,28.263124465942383,120706.0
2021-05-14,18.475013732910156,7.340512275695801,64.9542465209961,28.529752731323242,121881.0
2021-05-17,18.4622745513916,7.44099235534668,66.65801239013672,28.59196662902832,122938.0
2021-05-18,18.424047470092773,7.354466438293457,67.32777404785156,28.79638671875,122980.0
2021-05-19,18.557830810546875,7.298646450042725,65.9471206665039,28.085363388061523,122636.0
2021-05-20,18.659767150878906,7.237242698669434,65.27738189697266,28.316450119018555,122701.0
2021-05-21,18.748952865600586,7.242826461791992,64.27275085449219,28.183130264282227,122592.0
2021-05-24,18.6979923248291,7.365633487701416,64.49600982666016,29.018583297729492,124032.0
2021-05-25,18.505752563476562,7.212124824523926,62.892127990722656,29.30299186706543,122988.0
2021-05-26,18.761009216308594,7.281900405883789,64.74275970458984,29.151899337768555,123989.0
2021-05-27,18.601469039916992,7.231660842895508,65.2068862915039,29.160783767700195,124367.0
2021-05-28,18.907772064208984,7.5330963134765625,65.55938720703125,30.57394790649414,125561.0
2021-05-31,18.850339889526367,7.49960470199585,67.43351745605469,30.35175132751465,126216.0
2021-06-01,19.536678314208984,7.616827964782715,66.50525665283203,30.38730239868164,128267.0
2021-06-02,20.18790626525879,7.778709888458252,67.44527435302734,29.729604721069336,129601.0
2021-06-04,20.609277725219727,7.95454740524292,66.32901000976562,30.41396141052246,130126.0
2021-06-07,21.094505310058594,7.895936965942383,65.68276977539062,30.33397102355957,130776.0
2021-06-08,20.947656631469727,7.999206066131592,64.57825469970703,30.236207962036133,129787.0
2021-06-09,21.234960556030273,7.999206066131592,65.91776275634766,30.44062614440918,129907.0
2021-06-10,21.15835189819336,8.004786491394043,65.70037078857422,30.156217575073242,130076.0
2021-06-11,20.909353256225586,7.974085330963135,67.17500305175781,30.405075073242188,129441.0
2021-06-14,20.839111328125,8.024325370788574,66.81075286865234,31.00055503845215,130208.0
2021-06-15,20.839111328125,8.102474212646484,65.50650024414062,31.516050338745117,130091.0
2021-06-16,21.254119873046875,8.133176803588867,63.538387298583984,30.956125259399414,129259.0
2021-06-17,21.0051212310791,7.8512773513793945,62.21650695800781,30.59170913696289,128057.0
2021-06-18,20.622060775756836,7.904308795928955,64.09062957763672,31.276071548461914,128405.0
2021-06-21,20.71781349182129,8.080146789550781,64.68988800048828,31.329402923583984,129265.0
2021-06-22,20.449665069580078,8.122011184692383,65.44775390625,30.476177215576172,128767.0
2021-06-23,20.302827835083008,8.177834510803223,66.42887878417969,30.173995971679688,128428.0
2021-06-24,20.309207916259766,8.275521278381348,66.51854705810547,30.5117244720459,129514.0
2021-06-25,19.664365768432617,8.122011184692383,67.3393325805664,29.82737159729004,127256.0
2021-06-28,19.440908432006836,8.108055114746094,66.26094818115234,30.236928939819336,127429.0
2021-06-29,19.249370574951172,8.144340515136719,67.40522766113281,30.859460830688477,127327.0
2021-06-30,19.02591323852539,8.214116096496582,67.84855651855469,29.96123695373535,126802.0
2021-07-01,18.965229034423828,8.110845565795898,66.66831970214844,30.459259033203125,125666.0
2021-07-02,19.16963768005371,8.144340515136719,68.04627990722656,31.357467651367188,127622.0
2021-07-05,18.907739639282227,8.05223560333252,67.80064392089844,31.046213150024414,126920.0
2021-07-06,18.875802993774414,7.72288703918457,68.16008758544922,30.72606086730957,125095.0
2021-07-07,18.958839416503906,7.828949451446533,68.3578109741211,32.068931579589844,127019.0
2021-07-08,18.7097225189209,7.672647953033447,68.09420013427734,30.88612937927246,125428.0
2021-07-12,18.965229034423828,7.739634990692139,68.9389419555664,31.64206314086914,127594.0
2021-07-13,19.080202102661133,7.787082672119141,69.34632110595703,31.286319732666016,128168.0
2021-07-14,19.105762481689453,7.72288703918457,68.96888732910156,31.135133743286133,128407.0
2021-07-15,18.875802993774414,7.558215618133545,69.18457794189453,31.055105209350586,127468.0
2021-07-16,18.56918716430664,7.446572303771973,67.93843078613281,30.494831085205078,125960.0
2021-07-19,18.46059799194336,7.323765754699707,67.19554901123047,30.397008895874023,124395.0
2021-07-20,18.703332901000977,7.421453475952148,67.75870513916016,30.72606086730957,125401.0
2021-07-21,18.779985427856445,7.524722576141357,68.53753662109375,30.63712501525879,125929.0
2021-07-22,18.588361740112305,7.507976055145264,68.7172622680664,31.21517562866211,126147.0
2021-07-23,18.537254333496094,7.463318824768066,68.36978912353516,30.94838523864746,125053.0
2021-07-26,18.86302375793457,7.667067050933838,69.8555679321289,30.814985275268555,126004.0
2021-07-27,19.048269271850586,7.577754020690918,68.40573120117188,30.583757400512695,124612.0
2021-07-28,19.667884826660156,7.734055042266846,70.27493286132812,33.08274459838867,126286.0
2021-07-29,19.565683364868164,7.761962890625,69.23848724365234,32.13118362426758,125675.0
2021-07-30,19.35488510131836,7.510767459869385,65.1585922241211,31.75766944885254,121801.0
2021-08-02,19.47311782836914,7.371213436126709,65.26043701171875,32.738651275634766,122516.0
2021-08-03,19.66484260559082,7.494020462036133,67.48312377929688,32.53318405151367,123577.0
2021-08-04,19.115224838256836,7.334930896759033,67.4112319946289,32.220542907714844,121801.0
2021-08-05,19.172744750976562,7.912680625915527,65.35030364990234,32.032955169677734,121633.0
2021-08-06,19.709579467773438,7.923844814300537,65.72174072265625,32.372398376464844,122810.0
2021-08-09,19.939655303955078,7.868026256561279,65.3083724975586,32.30093002319336,123019.0
2021-08-10,19.56258773803711,7.893143177032471,65.93742370605469,32.23841094970703,122202.0
2021-08-11,19.779878616333008,8.001995086669922,65.46411895751953,32.292015075683594,122056.0
2021-08-12,19.409202575683594,8.122011184692383,65.42219543457031,31.720308303833008,120701.0
2021-08-13,19.67123031616211,8.191788673400879,64.88300323486328,31.95256233215332,121194.0
2021-08-16,19.455671310424805,7.9936203956604,65.18254852294922,30.737703323364258,119180.0
2021-08-17,19.385135650634766,7.993595600128174,64.10416412353516,30.987815856933594,117904.0
2021-08-18,19.42360496520996,7.922622203826904,61.953372955322266,29.996280670166016,116643.0
2021-08-19,19.173519134521484,7.878261089324951,58.418670654296875,31.434459686279297,117165.0
2021-08-20,19.10298728942871,7.866431713104248,58.442630767822266,32.14015579223633,118053.0
2021-08-23,19.30817985534668,7.990640640258789,57.633827209472656,31.934694290161133,117472.0
2021-08-24,19.846830368041992,8.15624713897705,59.736690521240234,31.854310989379883,120211.0
2021-08-25,19.87248992919922,8.200607299804688,59.61088180541992,32.497459411621094,120818.0
2021-08-26,19.391544342041016,8.129630088806152,58.850032806396484,32.8458366394043,118724.0
2021-08-27,19.724992752075195,8.425362586975098,60.32380294799805,32.96196365356445,120678.0
2021-08-30,19.583921432495117,8.369174003601074,59.940391540527344,32.765445709228516,119740.0
2021-08-31,19.840423583984375,8.040912628173828,59.119606018066406,31.764968872070312,118781.0
2021-09-01,19.927030563354492,7.99655294418335,59.22146224975586,32.41706848144531,119396.0
2021-09-02,19.208478927612305,7.866431713104248,59.035736083984375,31.925771713256836,116677.0
2021-09-03,19.099416732788086,7.78658390045166,59.07766342163086,32.3813362121582,116933.0
2021-09-06,19.343215942382812,7.8250298500061035,58.14906692504883,32.497459411621094,117869.0
2021-09-08,18.425769805908203,7.384390830993652,56.93887710571289,32.59571838378906,113413.0
2021-09-09,18.669570922851562,7.5411295890808105,56.735172271728516,34.694923400878906,115361.0
2021-09-10,18.48351287841797,7.493810653686523,56.80107879638672,34.534122467041016,114286.0
2021-09-13,18.714468002319336,7.757012367248535,56.77112579345703,34.7485237121582,116404.0
2021-09-14,18.59899139404297,7.653505802154541,56.369728088378906,35.17729568481445,116181.0
2021-09-15,18.29745864868164,7.78658390045166,54.96182632446289,35.58821105957031,115063.0
2021-09-16,18.284624099731445,7.718567371368408,52.67924880981445,35.64179992675781,113794.0
2021-09-17,17.848360061645508,7.372562885284424,51.61284637451172,35.007564544677734,111439.0
2021-09-20,17.444175720214844,7.289755821228027,49.57588577270508,34.739593505859375,108844.0
2021-09-21,17.399261474609375,7.455366611480713,50.396663665771484,35.5078125,110250.0
2021-09-22,17.80344009399414,7.644635200500488,52.18796920776367,36.24030303955078,112282.0
2021-09-23,18.419357299804688,7.937407970428467,52.1861572265625,36.776268005371094,114064.0
2021-09-24,18.162729263305664,7.955150127410889,51.37932205200195,36.928123474121094,113283.0
2021-09-27,18.637489318847656,8.02612590789795,52.1134147644043,36.517635345458984,113583.0
2021-09-28,18.214040756225586,7.972894668579102,49.501129150390625,36.34782791137695,110124.0
2021-09-29,18.541248321533203,8.100056648254395,50.129390716552734,35.63285446166992,111107.0
2021-09-30,18.56049919128418,8.052742958068848,50.420379638671875,35.418357849121094,110979.0
2021-10-01,19.045133590698242,8.280454635620117,50.393924713134766,35.90096664428711,112900.0
2021-10-04,15.623814582824707,8.514081001281738,49.924381256103516,34.65867614746094,110393.0
2021-10-05,16.002532958984375,8.70039176940918,49.56725311279297,33.54153060913086,110458.0
2021-10-06,16.053890228271484,8.469720840454102,50.962684631347656,33.523651123046875,110560.0
2021-10-07,15.713676452636719,8.457891464233398,52.48374938964844,33.56835174560547,110585.0
2021-10-08,15.829217910766602,8.611671447753906,52.80780792236328,34.54250717163086,112833.0
2021-10-11,15.553200721740723,8.670818328857422,53.97837829589844,34.51568603515625,112180.0
2021-10-13,15.57246208190918,8.762495040893555,52.377933502197266,36.267391204833984,113456.0
2021-10-14,15.495433807373047,8.777281761169434,52.377933502197266,36.2852668762207,113185.0
2021-10-15,15.89340591430664,8.753623008728027,53.35671615600586,35.85627365112305,114648.0
2021-10-18,16.002532958984375,8.709263801574707,52.85410690307617,36.07075881958008,114428.0
2021-10-19,15.623814582824707,8.283411979675293,52.24568176269531,35.16810989379883,110673.0
2021-10-20,16.041051864624023,8.42832088470459,50.70475769042969,35.85627365112305,110786.0
2021-10-21,15.713676452636719,8.117804527282715,49.70613479614258,35.16810989379883,107735.0
2021-10-22,15.110291481018066,8.037954330444336,50.31456756591797,34.75700378417969,106296.0
2021-10-25,15.405561447143555,8.588014602661133,50.92299270629883,35.346858978271484,108715.0
2021-10-26,15.238672256469727,8.505208969116211,50.38070297241211,35.445159912109375,106420.0
2021-10-27,15.354215621948242,8.484508514404297,49.23658752441406,35.034053802490234,106363.0
2021-10-28,15.322117805480957,8.56435489654541,48.74058151245117,33.80965042114258,105705.0
2021-10-29,14.96265697479248,8.029084205627441,47.35839080810547,33.06786346435547,103501.0
2021-11-01,15.558562278747559,8.280454635620117,47.827938079833984,33.03208923339844,105551.0
2021-11-03,15.706308364868164,7.94036340713501,44.19719696044922,33.67557907104492,105617.0
2021-11-04,14.87763500213623,7.688992023468018,43.69457244873047,33.71134567260742,103412.0
2021-11-05,14.697769165039062,7.644635200500488,42.39835739135742,33.67557907104492,104824.0
2021-11-08,14.62067985534668,7.724480628967285,44.7064208984375,33.1572151184082,104781.0
2021-11-09,14.47293758392334,7.878261089324951,43.60860824584961,32.880184173583984,105535.0
2021-11-10,14.83908462524414,7.816159248352051,43.443267822265625,32.42436599731445,105968.0
2021-11-11,14.806971549987793,7.822071552276611,44.977569580078125,32.62099075317383,107725.0
2021-11-12,14.774855613708496,7.981767177581787,45.16936111450195,31.8613224029541,106312.0
2021-11-16,14.62067985534668,8.06457233428955,43.86652374267578,31.62001609802246,104508.0
2021-11-17,14.678496360778809,7.860517501831055,42.98694610595703,31.96857452392578,102945.0
2021-11-18,14.434389114379883,7.84868860244751,41.22117614746094,32.10263442993164,102524.0
2021-11-19,14.312335014343262,7.718567371368408,42.34544372558594,31.98644256591797,103035.0
2021-11-22,14.347799301147461,7.795456409454346,44.699806213378906,30.98546600341797,102122.0
2021-11-23,14.588339805603027,8.221308708190918,45.876991271972656,30.529666900634766,103663.0
2021-11-24,14.97839641571045,8.389877319335938,46.94174575805664,29.96662712097168,104514.0
2021-11-25,15.114923477172852,8.759539604187012,46.62430191040039,30.207929611206055,105811.0
2021-11-26,14.828879356384277,8.419445991516113,45.39421844482422,29.215890884399414,102224.0
2021-11-29,14.731368064880371,8.715177536010742,45.96296691894531,28.965648651123047,102814.0
2021-11-30,14.549331665039062,8.703350067138672,46.26056671142578,28.804784774780273,101915.0
2021-12-01,14.456722259521484,8.753623008728027,46.445743560791016,29.037158966064453,100775.0
2021-12-02,15.003240585327148,9.421530723571777,48.60169982910156,29.242704391479492,104466.0
2021-12-03,14.951187133789062,9.554414749145508,47.53034210205078,29.296335220336914,105070.0
2021-12-06,15.126856803894043,9.597602844238281,50.109554290771484,29.50188446044922,106859.0
2021-12-07,14.938173294067383,9.753742218017578,50.47989273071289,30.88716697692871,107558.0
2021-12-08,14.795035362243652,9.750421524047852,50.10293960571289,32.20988082885742,108096.0
2021-12-09,14.398163795471191,9.730488777160645,49.7193603515625,32.62099075317383,106291.0
2021-12-10,14.417677879333496,9.850083351135254,50.03019332885742,31.995393753051758,107758.0
2021-12-13,14.033818244934082,9.79028606414795,51.49174499511719,31.816625595092773,107383.0
2021-12-14,14.170446395874023,9.674012184143066,51.48513412475586,31.539581298828125,106760.0
2021-12-15,14.124909400939941,9.733807563781738,51.194149017333984,31.825576782226562,107370.0
2021-12-16,14.268033981323242,9.863372802734375,53.19799041748047,31.816625595092773,108212.0
2021-12-17,13.955739974975586,9.63082504272461,52.35810852050781,31.146337509155273,107201.0
2021-12-20,13.74103832244873,9.35508918762207,51.769508361816406,30.423551559448242,105020.0
2021-12-21,13.76055908203125,9.368378639221191,53.13186264038086,30.343036651611328,105500.0
2021-12-22,13.812609672546387,9.35508918762207,52.85410690307617,30.119403839111328,105244.0
2021-12-23,13.884175300598145,9.4115629196167,52.344879150390625,29.94049644470215,104891.0
2021-12-27,14.027314186096191,9.551094055175781,52.21260452270508,29.6721248626709,105531.0
2021-12-28,13.975264549255371,9.561060905456543,50.95606231689453,29.779478073120117,104864.0
2021-12-29,13.858148574829102,9.481329917907715,51.08832550048828,29.287479400634766,104107.0
2021-12-30,13.630444526672363,9.451432228088379,51.557884216308594,29.502161026000977,104822.0
2022-01-03,14.006576538085938,9.664045333862305,51.58433532714844,28.64340591430664,103922.0
2022-01-04,14.403791427612305,9.70058822631836,50.97591018676758,28.500274658203125,103514.0
2022-01-05,14.130300521850586,9.325187683105469,51.45867919921875,26.997426986694336,101006.0
2022-01-06,14.416817665100098,9.318546295166016,52.496978759765625,26.988487243652344,101561.0
2022-01-07,14.735889434814453,9.361734390258789,55.55236053466797,26.308637619018555,102719.0
2022-01-10,14.872635841369629,9.305255889892578,54.89103317260742,25.548263549804688,101945.0
2022-01-11,15.204732894897461,9.58099365234375,55.93593215942383,25.977651596069336,103779.0
2022-01-12,15.139606475830078,9.873337745666504,56.54437255859375,27.033214569091797,105686.0
2022-01-13,15.419609069824219,10.072668075561523,55.68461608886719,26.03131866455078,105530.0
2022-01-14,15.302389144897461,10.448065757751465,56.00867462158203,27.462596893310547,106928.0
2022-01-17,15.302389144897461,10.464677810668945,55.717689514160156,27.149511337280273,106692.0
2022-01-18,15.393564224243164,10.511184692382812,57.080039978027344,27.319473266601562,106522.0
2022-01-19,15.289371490478516,10.461355209350586,58.33659362792969,27.283687591552734,108013.0
2022-01-20,15.165655136108398,10.537762641906738,57.344581604003906,27.498380661010742,109102.0
2022-01-21,15.172167778015137,10.554374694824219,56.15418243408203,27.3820858001709,108942.0
2022-01-24,15.152630805969238,10.614171981811523,55.46638107299805,26.74695587158203,107752.0
2022-01-25,15.699607849121094,10.959673881530762,55.592041015625,27.01532554626465,109845.0
2022-01-26,15.868916511535645,11.252017974853516,55.750755310058594,27.498380661010742,111573.0
2022-01-27,15.947052955627441,11.255343437194824,55.87641525268555,28.98332977294922,112315.0
2022-01-28,16.14240264892578,10.810173988342285,55.327510833740234,28.285587310791016,111478.0
2022-01-31,16.494043350219727,10.747056007385254,53.482364654541016,28.768634796142578,112388.0
2022-02-01,16.60979461669922,10.962995529174805,56.41871643066406,28.679187774658203,113147.0
2022-02-02,16.34914207458496,10.803535461425781,56.73616027832031,28.419763565063477,112161.0
2022-02-03,16.538122177124023,10.654038429260254,56.70970153808594,27.686237335205078,111696.0
2022-02-04,16.590242385864258,10.840076446533203,58.19770812988281,27.596778869628906,112245.0
2022-02-07,16.4990177154541,10.680615425109863,59.60635757446289,27.730958938598633,111996.0
2022-02-08,16.681480407714844,10.57430648803711,60.43965530395508,27.033214569091797,112234.0
2022-02-09,16.016817092895508,10.614171981811523,60.45287322998047,27.09583854675293,112461.0
2022-02-10,16.323087692260742,10.77695369720459,62.07975769042969,26.603832244873047,113359.0
2022-02-11,17.287477493286133,11.215476036071777,60.8232307434082,26.415979385375977,113572.0
2022-02-14,17.248382568359375,10.962995529174805,60.55868911743164,27.230024337768555,113807.0
2022-02-15,17.41128921508789,10.790245056152344,58.75983428955078,29.41271209716797,114660.0
2022-02-16,17.228830337524414,10.939740180969238,59.189727783203125,27.999326705932617,115181.0
2022-02-17,16.987730026245117,10.896552085876465,56.6435661315918,27.417871475219727,113528.0
2022-02-18,17.052900314331055,10.962995529174805,56.76260757446289,26.666452407836914,112768.0
2022-02-21,16.63585662841797,11.245373725891113,56.80890655517578,26.59007453918457,111725.0
2022-02-22,16.788196563720703,11.208832740783691,57.7943000793457,26.59908103942871,112892.0
2022-02-23,16.55349349975586,11.368293762207031,57.18586730957031,25.761383056640625,112008.0
2022-02-24,16.273143768310547,11.092556953430176,57.893497467041016,26.409923553466797,111592.0
2022-02-25,16.605653762817383,11.295206069946289,61.02823257446289,26.481977462768555,113142.0
2022-03-02,16.330093383789062,11.51778793334961,65.90228271484375,27.24761390686035,115174.0
2022-03-03,16.343151092529297,11.374937057495117,65.93535614013672,28.148365020751953,115166.0
2022-03-04,16.095224380493164,11.371617317199707,67.43659973144531,28.38256072998047,114474.0
2022-03-07,15.749432563781738,10.564337730407715,69.48675537109375,27.995241165161133,111593.0
2022-03-08,15.599385261535645,10.783600807189941,66.43798065185547,28.436603546142578,111203.0
2022-03-09,16.37575912475586,10.816821098327637,64.68621826171875,29.42742156982422,113900.0
2022-03-10,16.388811111450195,11.195544242858887,66.82205200195312,28.571714401245117,113663.0
2022-03-11,16.206130981445312,10.793566703796387,66.47180938720703,28.27446746826172,111713.0
2022-03-14,16.434494018554688,10.587597846984863,62.90749740600586,27.941190719604492,109928.0
2022-03-15,16.37575912475586,10.331790924072266,61.1013069152832,27.20257568359375,108959.0
2022-03-16,16.695449829101562,10.242095947265625,62.584716796875,28.805910110473633,111112.0
2022-03-17,17.060802459716797,9.969681739807129,64.76177215576172,29.814739227294922,113076.0
2022-03-18,17.184764862060547,10.169007301330566,65.9910659790039,29.985891342163086,115311.0
2022-03-21,17.60883903503418,10.55105209350586,67.85906219482422,29.3193359375,116155.0
2022-03-22,17.850236892700195,10.504541397094727,66.34131622314453,29.72467041015625,117272.0
2022-03-23,17.771949768066406,10.647394180297852,66.23828887939453,29.499486923217773,117457.0
2022-03-24,17.88938331604004,10.770312309265137,66.55420684814453,29.841768264770508,119053.0
2022-03-25,17.9220027923584,10.730446815490723,65.40045928955078,29.6165828704834,119081.0
2022-03-28,17.908960342407227,10.497899055480957,65.47599792480469,30.29899787902832,118738.0
2022-03-29,18.11772918701172,10.730446815490723,64.91285705566406,30.61461067199707,120014.0
2022-03-30,18.156875610351562,10.959673881530762,65.83998107910156,30.794965744018555,120260.0
2022-03-31,17.92852783203125,11.112491607666016,65.65454864501953,31.44422721862793,119999.0
2022-04-01,17.979219436645508,10.966316223144531,66.58855438232422,31.904129028320312,121570.0
2022-04-04,17.816011428833008,10.86333179473877,67.26158905029297,31.579484939575195,121280.0
2022-04-05,17.456945419311523,10.760345458984375,65.31804656982422,31.227807998657227,118885.0
2022-04-06,17.45041847229004,10.75037956237793,66.30697631835938,30.957290649414062,118228.0
2022-04-07,17.437360763549805,11.30849552154541,66.7052993774414,30.767913818359375,118862.0
2022-04-08,17.404720306396484,11.364970207214355,65.34550476074219,30.78594398498535,118322.0
2022-04-11,17.339439392089844,11.278594970703125,64.55573272705078,29.35215187072754,116953.0
2022-04-12,17.032602310180664,11.245373725891113,64.12307739257812,29.189838409423828,116147.0
2022-04-13,17.078306198120117,11.484566688537598,64.1436767578125,29.361169815063477,116782.0
2022-04-14,17.18929100036621,11.36472225189209,63.2440299987793,29.11769676208496,116182.0
2022-04-18,17.28721046447754,11.164831161499023,62.200138092041016,28.775033950805664,115687.0
2022-04-19,16.980361938476562,11.502830505371094,60.21538543701172,28.2880859375,115057.0
2022-04-20,17.09136390686035,11.557344436645508,58.64957809448242,28.333171844482422,114344.0
2022-04-22,16.758407592773438,11.106682777404785,55.25009536743164,28.233976364135742,111078.0
2022-04-25,16.69312286376953,10.943138122558594,54.30923080444336,28.143798828125,110685.0
2022-04-26,16.12515640258789,10.924962043762207,53.56752395629883,27.034645080566406,108213.0
2022-04-27,15.994587898254395,10.924962043762207,56.431331634521484,28.522541046142578,109349.0
2022-04-28,15.864020347595215,10.997650146484375,57.825439453125,28.0716609954834,109919.0
2022-04-29,15.583295822143555,11.004919052124023,57.20051193237305,27.142854690551758,107876.0
2022-05-02,15.516422271728516,10.89588737487793,56.94640350341797,26.09681510925293,106639.0
2022-05-03,15.59482192993164,10.994016647338867,56.6579704284668,25.618879318237305,106528.0
2022-05-04,15.575224876403809,11.655475616455078,56.1840934753418,26.09681510925293,108344.0
2022-05-05,15.215902328491211,11.633667945861816,55.16769027709961,25.393447875976562,105304.0
2022-05-06,15.542557716369629,12.015279769897461,54.77621841430664,24.4826717376709,105135.0
2022-05-09,15.320425987243652,11.68818473815918,52.53050231933594,24.04081153869629,103250.0
2022-05-10,15.242034912109375,11.78994369506836,51.87808609008789,23.55385971069336,103110.0
2022-05-11,15.751622200012207,12.200629234313965,54.04138946533203,23.53583335876465,104397.0
2022-05-12,15.999885559082031,12.295125007629395,53.49886703491211,23.815372467041016,105688.0
2022-05-13,16.189350128173828,12.455038070678711,53.437042236328125,23.896533966064453,106924.0
2022-05-16,16.35921287536621,12.578605651855469,55.037200927734375,23.626005172729492,108233.0
2022-05-17,16.502941131591797,12.415060997009277,54.80370330810547,24.266252517700195,108789.0
2022-05-18,16.26775360107422,12.211532592773438,53.416439056396484,23.83340835571289,106247.0
2022-05-19,16.21547508239746,12.418696403503418,54.838035583496094,23.02183723449707,107005.0
2022-05-20,16.418010711669922,12.658564567565918,55.80636978149414,23.436634063720703,108488.0
2022-05-23,16.842683792114258,13.156476020812988,56.94640350341797,23.959657669067383,110346.0
2022-05-24,17.09746551513672,12.798243522644043,57.715572357177734,23.517799377441406,110581.0
2022-05-25,16.790414810180664,12.98049545288086,57.894126892089844,22.823442459106445,110580.0
2022-05-26,16.99946403503418,13.012897491455078,57.85978698730469,23.18414878845215,111890.0
2022-05-27,17.0909366607666,12.393238067626953,58.86933135986328,23.644041061401367,111942.0
2022-05-30,16.934131622314453,12.146177291870117,59.50802230834961,23.03084945678711,111032.0
2022-05-31,17.0909366607666,12.174529075622559,59.20585250854492,22.877546310424805,111351.0
2022-06-01,16.85405158996582,12.158329963684082,60.5999870300293,23.63502311706543,111360.0
2022-06-02,16.925962448120117,12.053027153015137,61.74000549316406,23.74323081970215,112393.0
2022-06-03,16.769052505493164,12.263631820678711,60.75106430053711,23.373512268066406,111102.0
2022-06-06,16.710214614868164,12.271728515625,60.81288146972656,23.427614212036133,110186.0
2022-06-07,16.710214614868164,12.417534828186035,62.23447799682617,23.400569915771484,110070.0
2022-06-08,16.38987922668457,12.35678482055664,60.091773986816406,22.011859893798828,108368.0
2022-06-09,16.1087589263916,12.178581237792969,58.0589599609375,22.11106300354004,107094.0
2022-06-10,15.755720138549805,12.008476257324219,58.072689056396484,21.64214324951172,105481.0
2022-06-13,15.566125869750977,11.85457706451416,56.2321662902832,21.47982406616211,102598.0
2022-06-14,15.46152400970459,11.988226890563965,56.12227249145508,21.867584228515625,102063.0
2022-06-15,15.526900291442871,11.77762222290039,56.08794403076172,21.64214324951172,102807.0
2022-06-17,15.330778121948242,11.06075668334961,53.16233444213867,20.58709144592285,99825.0
2022-06-20,15.997612953186035,11.186312675476074,51.850616455078125,21.732311248779297,99853.0
2022-06-21,15.827635765075684,10.963557243347168,52.19399642944336,22.814420700073242,99685.0
2022-06-22,15.709964752197266,10.931156158447266,51.74760055541992,23.256284713745117,99522.0
2022-06-23,15.350388526916504,10.728653907775879,49.8589973449707,23.3644962310791,98080.0
2022-06-24,15.324225425720215,10.647653579711914,51.24626922607422,23.860458374023438,98672.0
2022-06-27,15.41576099395752,11.332114219665527,53.60186767578125,23.420852661132812,100764.0
2022-06-28,15.245786666870117,11.473865509033203,54.56332778930664,23.619565963745117,100591.0
2022-06-29,15.088876724243164,11.372613906860352,54.11006164550781,23.51117515563965,99622.0
2022-06-30,14.820839881896973,11.311864852905273,52.578582763671875,23.890531539916992,98542.0
2022-07-01,14.950155258178711,11.5548677444458,51.57590866088867,23.935699462890625,98954.0
2022-07-04,14.806219100952148,11.801922798156738,51.28060531616211,23.92666244506836,98609.0
2022-07-05,14.910893440246582,11.35236644744873,51.0265007019043,24.405380249023438,98295.0
2022-07-06,14.7735013961792,11.206561088562012,51.507232666015625,24.477638244628906,98719.0
2022-07-07,14.982870101928711,11.534618377685547,53.00437545776367,24.93828582763672,100730.0
2022-07-08,14.989410400390625,11.664222717285156,51.78194046020508,24.631189346313477,100289.0
2022-07-11,14.747329711914062,11.607519149780273,50.016963958740234,24.00795555114746,98212.0
2022-07-12,14.714620590209961,11.433366775512695,50.16805648803711,24.01698875427246,98271.0
2022-07-13,14.65573501586914,11.441466331481934,49.996360778808594,24.143436431884766,97881.0
2022-07-14,14.492165565490723,11.133660316467285,46.665550231933594,23.84537124633789,96121.0
2022-07-15,14.753868103027344,11.324013710021973,46.95399856567383,23.980859756469727,96551.0
2022-07-18,14.950155258178711,11.58321762084961,47.20122528076172,23.59246253967285,96916.0
2022-07-19,15.45394229888916,11.818120956420898,47.30424499511719,24.35118293762207,98245.0
2022-07-20,15.257660865783691,11.814070701599121,46.28096389770508,23.47504425048828,98287.0
2022-07-21,15.38198184967041,11.75332260131836,47.091346740722656,22.878915786743164,99033.0
2022-07-22,15.218412399291992,11.878872871398926,47.5308723449707,23.33955955505371,98925.0
2022-07-25,15.440862655639648,12.433732032775879,48.4099235534668,24.04038429260254,100270.0
2022-07-26,15.35580825805664,12.559287071228027,48.32065200805664,23.78618812561035,99772.0
2022-07-27,15.408149719238281,12.696990013122559,48.43052673339844,24.394458770751953,101438.0
2022-07-28,15.506291389465332,13.07769775390625,48.547279357910156,25.356800079345703,102597.0
2022-07-29,15.45394229888916,13.831012725830078,47.90172576904297,25.456666946411133,103165.0
2022-08-01,15.367287635803223,13.640658378601074,46.75483703613281,25.311403274536133,102225.0
2022-08-02,15.530976295471191,13.701411247253418,48.245113372802734,25.765344619750977,103362.0
2022-08-03,15.642287254333496,13.70950984954834,46.37024688720703,25.529300689697266,103775.0
2022-08-04,16.022048950195312,13.855308532714844,46.10240936279297,26.15572166442871,105892.0
2022-08-05,16.323246002197266,14.12261962890625,46.69989013671875,26.173885345458984,106472.0
2022-08-08,16.52622413635254,14.835431098937988,47.09822082519531,26.990962982177734,108402.0
2022-08-09,16.95836067199707,15.078436851501465,48.07341766357422,26.854787826538086,108651.0
2022-08-10,17.272647857666016,15.029834747314453,48.10775375366211,27.85344696044922,110236.0
2022-08-11,17.298837661743164,14.681527137756348,49.78345489501953,27.354116439819336,109718.0
2022-08-12,17.508363723754883,15.77177619934082,50.42062759399414,28.053171157836914,112764.0
2022-08-15,17.658958435058594,15.776751518249512,49.33708953857422,27.544763565063477,113032.0
2022-08-16,17.861940383911133,15.920989036560059,50.4350700378418,27.77173614501953,113512.0
2022-08-17,17.907766342163086,16.29401969909668,49.28651809692383,27.62647819519043,113708.0
2022-08-18,17.855379104614258,16.62228775024414,48.91811752319336,27.998701095581055,113813.0
2022-08-19,17.64116096496582,15.781723022460938,48.36912155151367,27.099912643432617,111496.0
2022-08-22,17.44249725341797,16.119935989379883,47.66120910644531,26.2828311920166,110501.0
2022-08-23,17.488861083984375,16.632232666015625,50.7167854309082,26.146648406982422,112857.0
2022-08-24,17.561695098876953,16.73171043395996,49.084259033203125,26.1375675201416,112898.0
2022-08-25,17.780227661132812,16.552658081054688,50.03776931762695,26.2828311920166,113532.0
2022-08-26,17.674272537231445,16.73171043395996,49.28651809692383,26.15572166442871,112299.0
2022-08-29,17.614673614501953,17.149503707885742,48.333011627197266,25.756263732910156,112323.0
2022-08-30,17.535215377807617,16.129886627197266,46.9316291809082,25.7744197845459,110431.0
2022-08-31,17.091533660888672,16.527788162231445,46.59212112426758,25.683635711669922,109523.0
2022-09-01,17.35503578186035,16.83616065979004,46.15148162841797,25.765344619750977,110405.0
2022-09-02,17.593595504760742,16.62228775024414,45.4507942199707,27.426740646362305,110864.0
2022-09-05,17.878538131713867,16.58249855041504,47.112220764160156,28.053171157836914,112203.0
2022-09-06,17.712873458862305,15.965751647949219,45.99256134033203,27.499370574951172,109764.0
2022-09-08,17.586971282958984,15.816537857055664,46.599342346191406,27.426740646362305,109916.0
2022-09-09,17.72612953186035,15.811566352844238,50.24003219604492,27.644630432128906,112300.0
2022-09-12,17.944805145263672,15.657384872436523,50.68067169189453,28.870258331298828,113407.0
2022-09-13,17.759260177612305,15.244558334350586,49.300960540771484,27.78989028930664,110794.0
2022-09-14,17.6929931640625,15.478323936462402,48.398014068603516,27.798967361450195,110547.0
2022-09-15,17.739383697509766,15.448484420776367,49.37319564819336,27.24517059326172,109954.0
2022-09-16,17.679738998413086,15.30921745300293,49.300960540771484,27.67186737060547,109280.0
2022-09-19,18.3424015045166,15.552931785583496,50.897369384765625,27.78081512451172,111824.0
2022-09-20,18.952054977416992,15.463400840759277,50.16780090332031,28.261980056762695,112517.0
2022-09-21,18.753252029418945,15.503195762634277,49.4454345703125,28.307371139526367,111936.0
2022-09-22,19.13096809387207,15.886174201965332,50.579532623291016,28.15303611755371,114070.0
2022-09-23,18.753252029418945,14.891422271728516,49.5321159362793,27.75357437133789,111716.0
2022-09-26,18.34903335571289,14.56812858581543,49.64046859741211,27.793691635131836,109114.0
2022-09-27,18.243000030517578,14.75713062286377,48.90366744995117,27.320919036865234,108376.0
2022-09-28,18.236373901367188,14.558182716369629,49.365970611572266,27.566389083862305,108451.0
2022-09-29,18.508071899414062,14.578073501586914,49.43098449707031,27.402740478515625,107664.0
2022-09-30,18.594209671020508,14.821789741516113,52.038700103759766,29.221101760864258,110037.0
2022-10-03,19.72651481628418,16.005542755126953,53.454524993896484,30.53032875061035,116134.0
2022-10-04,19.759666442871094,15.602669715881348,54.7475471496582,30.221202850341797,116230.0
2022-10-05,19.759666442871094,16.1895694732666,55.59269714355469,30.61214828491211,117198.0
2022-10-06,19.401607513427734,16.741657257080078,54.3430290222168,30.666698455810547,117561.0
2022-10-07,19.441396713256836,16.72673988342285,54.545291900634766,30.321216583251953,116375.0
2022-10-10,19.23583221435547,16.53773307800293,53.44729995727539,31.15766143798828,115941.0
2022-10-11,19.103225708007812,16.413389205932617,53.08612060546875,30.821260452270508,114827.0
2022-10-13,18.990503311157227,16.880922317504883,52.13983154296875,30.430307388305664,114300.0
2022-10-14,18.997127532958984,16.62228775024414,50.44229507446289,29.875722885131836,112072.0
2022-10-17,19.149642944335938,16.60736656188965,51.23687744140625,30.557598114013672,113624.0
2022-10-18,19.620431900024414,17.01521110534668,51.98091506958008,31.421323776245117,115743.0
2022-10-19,19.627050399780273,17.61703872680664,51.366905212402344,31.503145217895508,116274.0
2022-10-20,19.932071685791016,18.139286041259766,52.024253845214844,31.512243270874023,117171.0
2022-10-21,20.595142364501953,18.761003494262695,53.548431396484375,32.00320053100586,119929.0
2022-10-24,19.660202026367188,17.035112380981445,51.959251403808594,31.748626708984375,116013.0
2022-10-25,19.50106430053711,16.677000045776367,51.959251403808594,31.86681365966797,114626.0
2022-10-26,19.083330154418945,16.26915168762207,53.11501693725586,34.530723571777344,112764.0
2022-10-27,19.434764862060547,16.393491744995117,51.222442626953125,35.30353546142578,114641.0
2022-10-28,19.587268829345703,16.19951820373535,48.72307205200195,34.97623062133789,114539.0
2022-10-31,20.157522201538086,14.826763153076172,48.491920471191406,36.62184524536133,116037.0
2022-11-01,20.20902442932129,14.851630210876465,49.96553421020508,35.83086395263672,116929.0
2022-11-03,20.063066482543945,14.896397590637207,48.506370544433594,36.54909896850586,116896.0
2022-11-04,20.136051177978516,14.075726509094238,52.19040298461914,37.09461212158203,118155.0
2022-11-07,19.678266525268555,13.503746032714844,51.9159049987793,37.18553924560547,115342.0
2022-11-08,19.618547439575195,13.603218078613281,53.49064636230469,37.09461212158203,116160.0
2022-11-09,18.676433563232422,13.379399299621582,52.840518951416016,36.91278076171875,113580.0
2022-11-10,18.324800491333008,12.991445541381836,53.851829528808594,35.66720199584961,109775.0
2022-11-11,17.734323501586914,13.424162864685059,59.450103759765625,36.35818862915039,112253.0
2022-11-14,17.681245803833008,13.777299880981445,60.17967987060547,36.96733474731445,113161.0
2022-11-16,17.42913055419922,13.503746032714844,59.551239013671875,35.19442367553711,110243.0
2022-11-17,17.53528594970703,13.508718490600586,60.027984619140625,35.95814514160156,109703.0
2022-11-18,17.67461395263672,13.279926300048828,58.38822937011719,35.7126579284668,108880.0
2022-11-21,17.727689743041992,13.31971263885498,57.73088836669922,35.903587341308594,109748.0
2022-11-22,17.43576431274414,12.414419174194336,57.889801025390625,35.36717987060547,109037.0
2022-11-23,17.256628036499023,12.472952842712402,58.460479736328125,35.40354537963867,108683.0
2022-11-24,17.873645782470703,12.903971672058105,58.836090087890625,36.14906311035156,111831.0
2022-11-25,17.243356704711914,12.696443557739258,58.43880081176758,35.54900360107422,108977.0
2022-11-28,16.93153190612793,12.962504386901855,58.72774124145508,34.09431457519531,108782.0
2022-11-29,17.077495574951172,13.505270004272461,60.995941162109375,34.285247802734375,110910.0
2022-11-30,17.2499942779541,14.186389923095703,61.91334533691406,35.45808029174805,112486.0
2022-12-01,17.248432159423828,13.61701488494873,62.25285339355469,34.83075714111328,110926.0
2022-12-02,17.480802536010742,13.787296295166016,62.700721740722656,35.14896011352539,111924.0
2022-12-05,16.96958351135254,13.632980346679688,62.635704040527344,34.18523025512695,109401.0
2022-12-06,17.361295700073242,13.643622398376465,63.545875549316406,34.285247802734375,109533.0
2022-12-07,17.235149383544922,13.48930549621582,61.284889221191406,33.8761100769043,109361.0
2022-12-08,16.63099479675293,13.185998916625977,62.03614044189453,33.82155990600586,107245.0
2022-12-09,16.47269630432129,13.148747444152832,64.10208892822266,33.73064041137695,107689.0
2022-12-12,16.31696319580078,12.723052978515625,62.18782043457031,32.794185638427734,105264.0
2022-12-13,15.700851440429688,12.409097671508789,62.45024108886719,32.53962707519531,103892.0
2022-12-14,15.768558502197266,11.424670219421387,62.979347229003906,33.694278717041016,103803.0
2022-12-15,15.85657024383545,11.727980613708496,63.18230056762695,33.712459564208984,103738.0
2022-12-16,16.032604217529297,11.733301162719727,62.102317810058594,34.04886245727539,102825.0
2022-12-19,16.5133056640625,11.908900260925293,61.87761306762695,34.70838165283203,104530.0
2022-12-20,16.689342498779297,12.276069641113281,62.15306091308594,34.99064636230469,106979.0
2022-12-21,16.757047653198242,12.542128562927246,62.50821304321289,34.96333312988281,107313.0
2022-12-22,16.790903091430664,12.765619277954102,62.15306091308594,35.45500183105469,107317.0
2022-12-23,17.054960250854492,13.366918563842773,62.566200256347656,35.05438232421875,109698.0
2022-12-26,16.7164249420166,13.271136283874512,63.13880157470703,34.77211380004883,108738.0
2022-12-27,16.62163734436035,13.361598014831543,64.64643096923828,34.60822677612305,108347.0
2022-12-28,16.960166931152344,13.196638107299805,64.50144958496094,35.236480712890625,110237.0
2022-12-29,16.926307678222656,13.037002563476562,64.4217300415039,35.0634765625,110031.0
2023-01-02,16.592731475830078,12.196249008178711,64.79862976074219,34.6901741027832,106376.0
2023-01-03,16.247188568115234,11.887619018554688,64.68266296386719,33.8251953125,104166.0
2023-01-04,16.294620513916016,12.265422821044922,64.79862976074219,34.052825927734375,105334.0
2023-01-05,16.802766799926758,12.707085609436035,65.88585662841797,34.12565612792969,107518.0
2023-01-06,17.094104766845703,12.632593154907227,66.9295883178711,34.62643051147461,108836.0
2023-01-09,17.2160587310791,12.701766967773438,67.00209045410156,34.52627944946289,109227.0
2023-01-10,17.54804801940918,12.818832397460938,67.828369140625,34.18939971923828,110912.0
2023-01-11,17.852941513061523,12.919936180114746,67.58918762207031,35.14542007446289,111763.0
2023-01-12,17.602252960205078,13.10617733001709,67.94434356689453,35.0634765625,111877.0
2023-01-13,17.51417350769043,13.074247360229492,68.00232696533203,35.4823112487793,110916.0
2023-01-16,17.324460983276367,12.792227745056152,66.8643569946289,34.31686782836914,109213.0
2023-01-17,17.68355941772461,13.579767227172852,66.77738189697266,34.881378173828125,111439.0
2023-01-18,18.001995086669922,13.340311050415039,67.65440368652344,34.59001922607422,112452.0
2023-01-19,18.001995086669922,13.776654243469238,67.94434356689453,34.51718521118164,113006.0
2023-01-20,17.68355941772461,14.032072067260742,68.12556457519531,33.98908233642578,112301.0
2023-01-23,17.141525268554688,14.255561828613281,68.3502426147461,34.0255012512207,111709.0
2023-01-24,17.297361373901367,14.154461860656738,69.07506561279297,33.87983322143555,113028.0
2023-01-25,17.358339309692383,14.335383415222168,69.72738647460938,35.254695892333984,114195.0
2023-01-26,17.256704330444336,13.96821403503418,71.03205871582031,34.79033279418945,114109.0
2023-01-27,16.89084243774414,13.632980346679688,69.08954620361328,34.51718521118164,112502.0
2023-01-30,16.897621154785156,13.702157020568848,68.84312438964844,34.00729751586914,111888.0
2023-01-31,17.161867141723633,13.8724365234375,68.50245666503906,34.81765365600586,113532.0
2023-02-01,16.936519622802734,13.68087100982666,67.74139404296875,34.954219818115234,112303.0
2023-02-02,17.09246253967285,13.047645568847656,64.61017608642578,34.63554763793945,109935.0
2023-02-03,17.03144645690918,13.19131851196289,64.47247314453125,34.51718521118164,108490.0
2023-02-06,17.03821563720703,13.718120574951172,63.66792678833008,34.207618713378906,108456.0
2023-02-07,16.64498519897461,13.632980346679688,64.08831024169922,34.29865264892578,107920.0
2023-02-08,18.021331787109375,13.86179256439209,64.30577087402344,34.28955841064453,109882.0
2023-02-09,17.57384490966797,13.797938346862793,64.06656646728516,34.580909729003906,107783.0
2023-02-10,17.492488861083984,14.21831226348877,62.91411590576172,35.14542007446289,108150.0
2023-02-13,18.109468460083008,14.260887145996094,62.848880767822266,35.12721252441406,108846.0
2023-02-14,17.88572883605957,14.207674026489258,63.13156509399414,34.92690658569336,107659.0
2023-02-15,18.1501522064209,14.228957176208496,64.50871276855469,35.40036392211914,109442.0
2023-02-16,18.285751342773438,14.287487983703613,64.64643096923828,35.30931854248047,109905.0
2023-02-17,18.2247314453125,14.069319725036621,63.80562973022461,36.07413864135742,109303.0
2023-02-22,17.88572883605957,13.707477569580078,63.32001876831055,35.1641845703125,107152.0
2023-02-23,17.953535079956055,14.127852439880371,63.02283477783203,35.93339920043945,107720.0
2023-02-24,17.404340744018555,13.781972885131836,61.638431549072266,35.585426330566406,105873.0
2023-02-27,17.18060302734375,13.91500473022461,61.638431549072266,35.53046798706055,105711.0
2023-02-28,17.24163055419922,13.43077278137207,61.84138870239258,35.860145568847656,104932.0
2023-03-01,16.961849212646484,13.462700843811035,64.6536865234375,36.061607360839844,104385.0
2023-03-02,16.405502319335938,13.111498832702637,64.50871276855469,35.860145568847656,103326.0
2023-03-03,16.425861358642578,13.675549507141113,64.72616577148438,35.56709289550781,103866.0
2023-03-06,16.79901123046875,13.813901901245117,62.44298553466797,36.107383728027344,104700.0
2023-03-07,16.846513748168945,13.356277465820312,61.8486328125,36.25390625,104228.0
2023-03-08,17.056838989257812,13.526554107666016,62.41399002075195,36.77586364746094,106540.0
2023-03-09,16.731168746948242,13.468023300170898,61.594947814941406,36.50115203857422,105071.0
2023-03-10,16.330869674682617,13.292421340942383,61.39199447631836,36.208106994628906,103618.0
2023-03-13,16.134117126464844,12.872044563293457,61.64568328857422,36.437049865722656,103121.0
2023-03-14,16.0798397064209,12.643231391906738,62.2069091796875,36.8674430847168,102932.0
2023-03-15,16.039125442504883,12.419742584228516,60.332828521728516,36.693458557128906,102675.0
2023-03-16,16.30373764038086,12.377169609069824,60.55506134033203,36.90407943725586,103435.0
2023-03-17,15.835590362548828,12.510202407836914,61.280982971191406,36.51030731201172,101982.0
2023-03-20,15.876296043395996,12.201570510864258,61.78467559814453,36.403236389160156,100923.0
2023-03-21,16.20196533203125,12.451667785644531,61.26616668701172,36.64164352416992,100998.0
2023-03-22,16.10697364807129,12.414419174194336,60.503204345703125,36.238182067871094,100221.0
2023-03-23,15.706673622131348,12.132393836975098,58.94766616821289,36.57746124267578,97926.0
2023-03-24,15.934504508972168,12.127071380615234,58.27359390258789,37.145973205566406,98829.0
2023-03-27,16.20900535583496,12.334601402282715,58.17729568481445,37.76951217651367,99670.0
2023-03-28,16.284494400024414,12.55277156829834,58.7921142578125,37.93456268310547,101185.0
2023-03-29,16.44232940673828,12.717729568481445,59.63654708862305,38.264652252197266,101793.0
2023-03-30,16.895246505737305,12.754977226257324,60.60690689086914,38.38386535644531,103713.0
2023-03-31,16.977602005004883,12.478275299072266,59.47358703613281,37.18265151977539,101882.0
2023-04-03,16.50214195251465,13.031682014465332,59.488399505615234,36.30238342285156,101506.0
2023-04-04,16.83176612854004,12.914612770080566,57.80693817138672,36.33904266357422,101869.0
2023-04-05,16.818037033081055,12.957185745239258,56.9550895690918,35.53212356567383,100978.0
2023-04-06,16.76309585571289,12.770941734313965,56.85138702392578,35.403751373291016,100822.0
2023-04-10,16.9416446685791,13.04232406616211,57.94767379760742,35.202022552490234,101847.0
2023-04-11,17.491029739379883,13.654267311096191,61.00690460205078,35.843894958496094,106214.0
2023-04-12,17.607770919799805,13.75536823272705,59.703208923339844,36.43992614746094,106890.0
2023-04-13,17.607770919799805,13.85114860534668,58.89581298828125,36.10063171386719,106458.0
2023-04-14,17.86186408996582,13.994824409484863,58.3773078918457,35.54130172729492,106279.0
2023-04-17,17.82752227783203,14.212993621826172,57.68101119995117,36.20151138305664,106016.0
2023-04-18,17.81379508972168,14.574837684631348,58.17729568481445,36.008941650390625,106163.0
2023-04-19,17.532228469848633,14.106569290161133,56.48102569580078,35.86223220825195,103913.0
2023-04-20,17.580307006835938,14.202349662780762,55.30324935913086,36.907569885253906,104367.0
2023-04-24,17.42235565185547,14.473736763000488,53.30327224731445,36.9992561340332,103947.0
2023-04-25,17.580307006835938,14.41519832611084,51.8514289855957,37.17348861694336,103220.0
2023-04-26,17.401756286621094,14.234278678894043,52.051429748535156,36.77919387817383,102312.0
2023-04-27,17.71078109741211,13.888400077819824,53.15511703491211,36.9992561340332,102923.0
2023-04-28,17.8000545501709,14.206188201904297,53.629188537597656,37.70531463623047,104432.0
2023-05-02,17.111242294311523,13.630745887756348,51.51068878173828,37.430233001708984,101927.0
2023-05-03,17.083755493164062,13.582793235778809,51.110687255859375,36.58663558959961,101797.0
2023-05-04,17.22119903564453,13.798583984375,49.52552032470703,36.03645324707031,102174.0
2023-05-05,17.860294342041016,14.386012077331543,51.140323638916016,35.96310043334961,105148.0
2023-05-08,18.107690811157227,14.691716194152832,51.82920837402344,35.944759368896484,106042.0
2023-05-09,18.217628479003906,14.739665031433105,52.3625373840332,36.549949645996094,107114.0
2023-05-10,18.485637664794922,14.703704833984375,51.37735366821289,36.082305908203125,107448.0
2023-05-11,18.66431427001953,15.243180274963379,50.37736129760742,36.05480194091797,108256.0
2023-05-12,18.492511749267578,15.734700202941895,50.42921447753906,35.678829193115234,108464.0
2023-05-15,18.561233520507812,15.381048202514648,51.1551399230957,36.34822463989258,109029.0
2023-05-16,18.499391555786133,15.76467227935791,50.103294372558594,36.403236389160156,108194.0
2023-05-17,18.684926986694336,15.381048202514648,51.762542724609375,36.18316650390625,109460.0
2023-05-18,18.6162109375,15.470955848693848,51.83662033081055,36.03645324707031,110108.0
2023-05-19,18.465024948120117,15.446981430053711,51.2662467956543,36.79753494262695,110745.0
2023-05-22,18.11455535888672,15.357068061828613,50.44403076171875,37.00843811035156,110213.0
2023-05-23,18.258867263793945,15.734700202941895,49.30329895019531,36.88005447387695,109929.0
2023-05-24,18.155780792236328,15.974470138549805,48.184791564941406,36.51327133178711,108800.0
2023-05-25,18.72616195678711,15.854583740234375,48.03664016723633,35.79804992675781,110054.0
2023-05-26,18.58184814453125,16.064382553100586,49.1329231262207,36.229007720947266,110906.0
2023-05-29,18.499391555786133,15.998444557189941,48.76256561279297,35.651329040527344,110333.0
2023-05-30,18.238250732421875,15.818619728088379,47.61442565917969,35.15617752075195,108967.0
2023-05-31,18.093935012817383,15.656776428222656,47.26627731323242,34.48679733276367,108335.0
2023-06-01,18.36050796508789,16.160287857055664,48.26627731323242,34.10166931152344,110565.0
2023-06-02,18.628692626953125,16.29216194152832,50.32551574707031,34.541812896728516,112558.0
2023-06-05,18.669960021972656,16.46599578857422,49.910701751708984,34.50513458251953,112696.0
2023-06-06,18.800613403320312,16.81365203857422,50.07366180419922,35.027801513671875,114610.0
2023-06-07,18.855628967285156,17.305173873901367,50.86624526977539,34.981956481933594,115488.0
2023-06-09,19.11693572998047,18.150354385375977,50.63662338256836,34.66101837158203,117019.0
2023-06-12,18.91063117980957,18.46804428100586,49.718109130859375,34.61518096923828,117336.0
2023-06-13,19.123804092407227,18.4320068359375,50.24403762817383,34.24838638305664,116743.0
2023-06-14,19.38511848449707,19.223955154418945,51.1254997253418,34.72520446777344,119069.0
2023-06-15,19.63955307006836,18.7705020904541,51.52550506591797,34.697696685791016,119221.0
2023-06-16,19.70144271850586,18.93016815185547,51.60697555541992,34.70686340332031,118758.0
2023-06-19,19.96963119506836,19.42833137512207,51.4069938659668,34.541812896728516,119858.0
2023-06-20,19.960126876831055,19.524131774902344,50.08106994628906,33.88161087036133,119622.0
2023-06-21,20.154447555541992,20.341630935668945,49.57737350463867,33.423118591308594,120420.0
2023-06-22,19.960126876831055,20.086162567138672,49.310707092285156,33.377281188964844,118934.0
2023-06-23,19.897663116455078,19.262279510498047,48.814414978027344,33.5606575012207,118977.0
2023-06-26,19.869895935058594,19.696571350097656,48.918121337890625,33.43052673339844,118243.0
2023-06-27,19.647809982299805,19.543292999267578,49.5033073425293,33.522361755371094,117523.0
2023-06-28,19.536766052246094,19.72850799560547,47.940345764160156,33.59584045410156,116681.0
2023-06-29,19.772735595703125,19.81792449951172,48.52552795410156,33.83462905883789,118383.0
2023-06-30,19.72415542602539,18.859920501708984,47.56998062133789,34.67039108276367,118087.0
2023-07-03,20.111417770385742,19.2111873626709,49.05885696411133,34.61528778076172,119673.0
2023-07-04,19.986413955688477,19.255889892578125,48.814414978027344,34.15607833862305,119076.0
2023-07-05,20.1600284576416,19.230348587036133,48.384788513183594,34.440792083740234,119549.0
2023-07-06,19.861412048339844,18.936555862426758,48.03664016723633,33.88053894042969,117426.0
2023-07-07,20.23641586303711,18.840757369995117,48.48849105834961,33.98157501220703,118898.0
2023-07-10,20.10447120666504,18.872692108154297,47.74775695800781,33.329490661621094,117942.0
2023-07-11,19.75030517578125,18.617225646972656,49.318111419677734,33.01722717285156,117220.0
2023-07-12,19.63224983215332,18.62999725341797,49.666259765625,33.118263244628906,117666.0
2023-07-13,19.847522735595703,18.923784255981445,50.821807861328125,33.118263244628906,119264.0
2023-07-14,19.63918113708496,18.553354263305664,50.821807861328125,33.06315231323242,117711.0
2023-07-17,20.021135330200195,18.515031814575195,50.258846282958984,32.42025375366211,118219.0
2023-07-18,19.63224983215332,18.4128475189209,49.940330505371094,33.00804901123047,117841.0
2023-07-19,19.423912048339844,18.585289001464844,49.80699920654297,34.81734085083008,117552.0
2023-07-20,19.78502655029297,18.60444450378418,49.91810989379883,35.04694366455078,118083.0
2023-07-21,20.13919448852539,18.955718994140625,50.22181701660156,35.71739196777344,120217.0
2023-07-24,19.819747924804688,19.3516902923584,51.74032211303711,38.29418182373047,121342.0
2023-07-25,19.861412048339844,19.79876136779785,53.34030532836914,37.33545684814453,122008.0
2023-07-26,19.97252655029297,19.79876136779785,53.15511703491211,37.31700897216797,122560.0
2023-07-27,19.528074264526367,18.7705020904541,52.162532806396484,37.19716262817383,119990.0
2023-07-28,19.819747924804688,19.006813049316406,50.09588623046875,37.16951370239258,120187.0
2023-07-31,19.889192581176758,19.869016647338867,51.229217529296875,36.80076599121094,121943.0
2023-08-01,19.950101852416992,19.543292999267578,50.518104553222656,36.74545669555664,121248.0
2023-08-02,19.88755989074707,19.498586654663086,49.69588851928711,36.90216827392578,120859.0
2023-08-03,19.734678268432617,19.747665405273438,50.00699234008789,37.27091598510742,120586.0
2023-08-04,19.373348236083984,19.16008949279785,50.044036865234375,37.658103942871094,119508.0
2023-08-07,19.220468521118164,19.28143882751465,50.29588317871094,37.731842041015625,119380.0
2023-08-08,19.178781509399414,19.300600051879883,49.96996307373047,37.482940673828125,119090.0
2023-08-09,19.109291076660156,19.45387840270996,49.51811599731445,37.593563079833984,118409.0
2023-08-10,19.17182731628418,19.562450408935547,48.93292999267578,37.09576416015625,118350.0
2023-08-11,19.206581115722656,19.517744064331055,48.52552795410156,36.69014358520508,118065.0
2023-08-14,18.928625106811523,19.568836212158203,47.23476028442383,36.23843002319336,116810.0
2023-08-15,18.824386596679688,19.709346771240234,46.76927947998047,36.27530288696289,116171.0
2023-08-16,18.81049156188965,20.143640518188477,46.58613586425781,34.671268463134766,115592.0
2023-08-17,18.5881290435791,20.07977867126465,47.24238586425781,34.025962829589844,114982.0
2023-08-18,18.734046936035156,20.130868911743164,46.71586227416992,33.4267578125,115409.0
2023-08-21,18.65761947631836,19.9903621673584,46.77690505981445,33.22394561767578,114429.0
2023-08-22,18.949460983276367,20.294883728027344,47.75365447998047,33.620338439941406,116156.0
2023-08-23,19.18572235107422,21.375600814819336,48.10466766357422,33.60190200805664,118135.0
2023-08-24,18.96336555480957,21.342449188232422,47.463680267333984,33.168617248535156,117026.0
2023-08-25,18.664566040039062,21.196584701538086,47.364479064941406,33.518943786621094,115837.0
2023-08-28,19.296911239624023,21.435274124145508,48.04362487792969,33.75862121582031,117121.0
2023-08-29,19.6026611328125,21.481687545776367,49.57741928100586,33.638771057128906,118404.0
2023-08-30,19.227420806884766,21.627546310424805,49.58504867553711,33.463623046875,117535.0
2023-08-31,19.060649871826172,21.176700592041016,49.66135787963867,33.07644271850586,115742.0
2023-09-01,19.22589683532715,21.63417625427246,52.56869888305664,33.14096450805664,117893.0
2023-09-04,19.05205726623535,21.408750534057617,52.9578742980957,33.30690383911133,117777.0
2023-09-05,18.766969680786133,22.124805450439453,52.72893524169922,33.104095458984375,117331.0
2023-09-06,18.58619499206543,22.224260330200195,51.88191604614258,32.772216796875,115985.0
2023-09-08,18.61400604248047,22.14470100402832,50.905181884765625,32.63393783569336,115313.0
2023-09-11,19.086822509765625,22.124805450439453,51.63773727416992,32.5233268737793,116883.0
2023-09-12,19.198074340820312,22.23089027404785,51.599578857421875,32.86441421508789,117968.0
2023-09-13,19.295421600341797,21.899377822875977,51.401180267333984,34.04439163208008,118176.0
2023-09-14,19.218944549560547,22.45631217956543,53.507293701171875,33.26081848144531,119392.0
2023-09-15,19.17721939086914,22.469575881958008,53.064697265625,33.279239654541016,118758.0
2023-09-18,19.128549575805664,22.628700256347656,52.4389762878418,32.993473052978516,118288.0
2023-09-19,19.071880340576172,22.681739807128906,52.53816604614258,33.168617248535156,117846.0
2023-09-20,19.39488983154297,22.734785079956055,52.889198303222656,32.993473052978516,118695.0
2023-09-21,18.952499389648438,22.38338279724121,51.508018493652344,32.246768951416016,116145.0
2023-09-22,18.903348922729492,22.562397003173828,51.88955307006836,31.88722801208496,116009.0
2023-09-25,18.95952606201172,22.70825958251953,50.82123565673828,33.3646125793457,115925.0
2023-09-26,18.678647994995117,22.18447494506836,50.02763748168945,33.31844711303711,114193.0
2023-09-27,18.643535614013672,22.88727569580078,50.13446807861328,33.26303482055664,114327.0
2023-09-28,19.135086059570312,22.840862274169922,50.89754867553711,33.604705810546875,115731.0
2023-09-29,19.10698890686035,22.966840744018555,51.569061279296875,33.493892669677734,116565.0
2023-10-02,18.929672241210938,22.622068405151367,51.11883544921875,33.38308334350586,115057.0
2023-10-03,18.69076919555664,22.52261734008789,50.805973052978516,32.478084564208984,113419.0
2023-10-04,19.119394302368164,21.627546310424805,50.264198303222656,32.46885299682617,113607.0
2023-10-05,19.421545028686523,21.70047950744629,50.28708267211914,32.30263137817383,113284.0
2023-10-06,19.604228973388672,22.21763038635254,51.0196418762207,32.136409759521484,114170.0
2023-10-09,19.435588836669922,23.172374725341797,50.653358459472656,32.18258285522461,115156.0
2023-10-10,19.414508819580078,23.34475326538086,50.958595275878906,32.59812927246094,116737.0
2023-10-11,19.660436630249023,23.28508186340332,51.401180267333984,32.478084564208984,117051.0
2023-10-13,19.456663131713867,24.054180145263672,50.81360626220703,31.89630889892578,115754.0
2023-10-16,19.48477554321289,24.319385528564453,51.355403900146484,31.997888565063477,116534.0
2023-10-17,19.196685791015625,24.97576904296875,51.775089263916016,31.656206130981445,115908.0
2023-10-18,18.796165466308594,25.539337158203125,49.87501525878906,31.665437698364258,114060.0
2023-10-19,19.013992309570312,25.41999053955078,49.157718658447266,31.342227935791016,114004.0
2023-10-20,18.9437255859375,25.095111846923828,47.8299560546875,31.222183227539062,113155.0
2023-10-23,18.964799880981445,23.437572479248047,47.73838424682617,31.30529022216797,112785.0
2023-10-24,18.964799880981445,23.788976669311523,48.82959747314453,32.3303337097168,113762.0
2023-10-25,18.999937057495117,23.914947509765625,48.783809661865234,29.061283111572266,112830.0
2023-10-26,19.470720291137695,23.669631958007812,49.82923889160156,30.160202026367188,114777.0
2023-10-27,19.182626724243164,23.497243881225586,51.56142807006836,29.20903968811035,113301.0
2023-10-30,19.028045654296875,23.258563995361328,52.02690887451172,29.8277587890625,112532.0
2023-10-31,18.845352172851562,23.033140182495117,52.65262985229492,30.483409881591797,113144.0
2023-11-01,19.11088752746582,23.28508186340332,53.6599006652832,30.548059463500977,115053.0
2023-11-03,19.63823127746582,23.56355094909668,54.3314094543457,30.963613510131836,118160.0
2023-11-06,19.8210391998291,23.543663024902344,54.560340881347656,30.668102264404297,118487.0
2023-11-07,20.37650489807129,23.152477264404297,53.47676086425781,30.27101707458496,119268.0
2023-11-08,20.467918395996094,22.65522003173828,53.514915466308594,29.96627426147461,119099.0
2023-11-09,20.559324264526367,23.125965118408203,53.77436447143555,29.929332733154297,119012.0
2023-11-10,20.80541229248047,23.019882202148438,54.59850311279297,30.631160736083984,120636.0
2023-11-13,20.664796829223633,23.66299819946289,54.48403549194336,30.215608596801758,120376.0
2023-11-14,20.974170684814453,23.98787498474121,56.17043685913086,30.898969650268555,123328.0
2023-11-16,21.31165885925293,23.570178985595703,56.54435348510742,30.917438507080078,124576.0
2023-11-17,21.410106658935547,24.339277267456055,56.65117263793945,30.714279174804688,125062.0
2023-11-20,21.62103843688965,24.35917091369629,58.03999710083008,30.917438507080078,126095.0
2023-11-21,21.58588409423828,24.107221603393555,59.44406509399414,31.083669662475586,125607.0
2023-11-22,21.719478607177734,24.22521209716797,58.878997802734375,31.489988327026367,126035.0
2023-11-23,21.691349029541016,24.232097625732422,58.50928497314453,31.45305061340332,126576.0
2023-11-24,21.571813583374023,24.301002502441406,58.01372146606445,31.139068603515625,125542.0
2023-11-27,21.515562057495117,24.16320037841797,57.66758728027344,31.52692222595215,125683.0
2023-11-28,21.72650909423828,24.528369903564453,57.79345703125,31.739320755004883,126538.0
2023-11-29,21.874160766601562,24.27344512939453,57.7777214050293,31.517698287963867,126101.0
2023-11-30,22.21165657043457,24.741958618164062,58.092369079589844,31.573097229003906,127331.0
2023-12-01,22.160762786865234,24.576601028442383,59.17005157470703,32.11793518066406,128103.0
2023-12-04,22.188899993896484,24.052959442138672,57.84065246582031,32.09946823120117,126803.0
2023-12-05,22.371816635131836,23.942720413208008,57.30574417114258,32.59812927246094,126903.0
2023-12-06,22.174833297729492,23.081472396850586,56.92816925048828,32.681251525878906,125623.0
2023-12-07,22.421058654785156,23.02635383605957,57.10908126831055,32.65355682373047,126010.0
2023-12-08,22.704687118530273,23.763582229614258,57.266414642333984,31.997888565063477,127094.0
2023-12-11,22.54868507385254,23.67401123046875,57.31361389160156,32.201045989990234,126916.0
2023-12-12,22.43523406982422,23.481094360351562,57.41587829589844,32.34880447387695,126403.0
2023-12-13,23.11594581604004,23.81869888305664,57.42374038696289,33.29996871948242,129465.0
2023-12-14,23.307392120361328,24.335451126098633,57.7383918762207,33.52159881591797,130842.0
2023-12-15,23.208127975463867,24.390573501586914,58.10023880004883,33.272254943847656,130197.0
2023-12-18,23.321578979492188,24.693735122680664,58.375553131103516,33.348087310791016,131084.0
2023-12-19,23.335765838623047,24.97622299194336,58.78460693359375,33.69969940185547,131851.0
2023-12-20,23.094680786132812,25.065793991088867,58.5958137512207,33.45912551879883,130804.0
2023-12-21,23.25067138671875,25.072683334350586,60.546653747558594,33.67194366455078,132182.0
2023-12-22,23.619394302368164,25.313831329345703,60.09040069580078,33.782981872558594,132753.0
2023-12-26,23.860477447509766,25.720338821411133,60.302799224853516,33.977298736572266,133533.0
2023-12-27,24.023569107055664,25.741010665893555,60.88489532470703,34.08833312988281,134194.0
2023-12-28,24.087385177612305,25.6583309173584,60.727569580078125,34.153106689453125,134185.0
2024-01-02,23.780654907226562,26.0303897857666,60.60957717895508,33.838497161865234,132697.0
2024-01-03,23.51816177368164,26.843412399291992,60.2949333190918,34.09758377075195,132834.0
2024-01-04,23.362085342407227,26.61604118347168,59.484703063964844,33.64418411254883,131226.0
2024-01-05,23.90835189819336,26.678049087524414,58.721675872802734,33.28331756591797,132023.0
2024-01-08,23.65296173095703,26.478240966796875,58.422752380371094,33.3665885925293,132427.0
2024-01-09,23.638769149780273,26.250871658325195,57.68333053588867,32.543067932128906,131447.0
2024-01-10,23.617490768432617,26.00971794128418,56.81804275512695,32.681861877441406,130841.0
2024-01-11,23.660049438476562,26.230199813842773,57.11695098876953,32.219207763671875,130649.0
2024-01-12,23.68843650817871,26.29909896850586,56.393253326416016,32.080406188964844,130988.0
2024-01-15,23.730993270874023,26.581588745117188,56.28314208984375,31.756546020507812,131521.0
2024-01-16,23.397554397583008,26.250871658325195,55.55157470703125,31.09958839416504,129294.0
2024-01-17,23.411741256713867,26.099287033081055,54.55255126953125,30.905269622802734,128524.0
2024-01-18,23.312427520751953,25.99593734741211,54.27722930908203,30.664690017700195,127316.0
2024-01-19,23.369178771972656,25.858142852783203,53.56926727294922,30.97929573059082,127636.0
2024-01-22,22.9860782623291,25.97527503967285,53.333290100097656,30.88676643371582,126602.0
2024-01-23,23.092493057250977,26.29909896850586,54.43455123901367,31.24763298034668,128263.0
2024-01-24,22.9860782623291,26.099287033081055,54.98520278930664,30.970043182373047,127816.0
2024-01-25,22.936412811279297,27.063888549804688,53.6322021484375,30.766475677490234,128169.0
2024-01-26,23.276945114135742,27.53240394592285,54.67054748535156,30.692447662353516,128967.0
2024-01-29,23.156347274780273,27.952693939208984,54.410953521728516,30.766475677490234,128503.0
2024-01-30,23.007362365722656,27.780452728271484,54.10417175292969,30.525897979736328,127402.0
2024-01-31,23.255664825439453,28.08360481262207,53.30181884765625,29.92444610595703,127752.0
2024-02-01,23.204315185546875,28.641700744628906,53.057960510253906,30.19278335571289,128481.0
2024-02-02,23.23979949951172,28.269641876220703,51.980281829833984,30.155773162841797,127182.0
2024-02-05,23.679899215698242,28.393659591674805,51.53190612792969,30.775728225708008,127593.0
2024-02-06,24.694948196411133,28.655479431152344,52.444393157958984,30.757225036621094,130416.0
2024-02-07,24.517494201660156,29.075773239135742,52.54665756225586,31.118093490600586,129608.0
2024-02-08,24.034809112548828,28.84150505065918,52.08253860473633,31.275392532348633,128217.0
2024-02-09,24.340036392211914,28.45566749572754,51.85442352294922,30.877511978149414,128026.0
2024-02-14,24.340036392211914,28.242074966430664,51.697105407714844,31.025564193725586,127018.0
2024-02-15,24.5458927154541,29.144672393798828,51.53190612792969,30.729461669921875,127804.0
2024-02-16,24.517494201660156,29.413373947143555,53.49060821533203,30.905269622802734,128726.0
2024-02-19,24.7872314453125,29.55807113647461,53.08942413330078,30.988555908203125,129036.0
2024-02-20,25.326702117919922,29.24802017211914,51.92522430419922,31.710294723510742,129916.0
2024-02-21,25.18473243713379,29.289356231689453,52.31853485107422,33.89401626586914,130032.0
2024-02-22,25.041872024536133,29.068878173828125,52.87704086303711,32.82065963745117,130241.0
2024-02-23,25.11518096923828,28.869068145751953,53.002899169921875,33.292564392089844,129419.0
2024-02-26,25.188491821289062,29.413373947143555,51.72069549560547,34.12104797363281,129609.0
2024-02-27,25.49637794494629,29.372034072875977,53.08156967163086,34.48492431640625,131689.0
2024-02-28,25.51104164123535,27.856239318847656,52.49945831298828,34.43828201293945,130155.0
2024-02-29,24.880599975585938,27.65642547607422,52.696109771728516,34.23301315307617,129020.0
2024-03-01,24.988895416259766,27.683988571166992,52.60958480834961,34.79283142089844,129180.0
2024-03-04,24.798189163208008,27.615093231201172,52.49159240722656,34.65287780761719,128341.0
2024-03-05,24.776193618774414,27.53240394592285,51.79936218261719,34.923458099365234,128098.0
2024-03-06,25.047574996948242,28.138723373413086,52.50731658935547,34.64353942871094,128890.0
2024-03-07,24.783525466918945,27.82867431640625,52.32639694213867,34.428951263427734,128340.0
2024-03-08,25.010900497436523,25.28627586364746,51.92522430419922,34.447608947753906,127071.0
2024-03-11,25.135583877563477,24.56282615661621,50.31264114379883,34.67153549194336,126124.0
2024-03-12,25.23826789855957,25.36894989013672,49.99915313720703,35.09139633178711,127668.0
2024-03-13,25.48764419555664,25.065793991088867,50.319664001464844,35.47394561767578,128006.0
2024-03-14,25.472976684570312,24.955549240112305,49.678646087646484,35.25934982299805,127690.0
2024-03-15,25.333616256713867,25.024446487426758,49.111595153808594,35.45528793334961,126742.0
2024-03-18,25.43630027770996,25.038232803344727,50.048465728759766,35.45528793334961,126954.0
2024-03-19,25.472976684570312,24.852201461791992,50.45936965942383,36.16437911987305,127529.0
2024-03-20,25.524314880371094,25.28627586364746,50.79631423950195,36.22970199584961,129125.0
2024-03-21,25.260271072387695,24.597272872924805,50.67304611206055,36.78952407836914,128159.0
2024-03-22,24.90705108642578,24.838422775268555,50.08955383300781,37.078765869140625,127027.0
2024-03-25,24.90705108642578,25.217365264892578,49.98271942138672,36.47866439819336,126931.0
2024-03-26,25.40195083618164,24.983112335205078,49.349918365478516,36.2357292175293,126863.0
2024-03-27,25.54228401184082,25.182920455932617,49.801918029785156,36.020809173583984,127691.0
2024-03-28,25.586606979370117,25.741010665893555,49.99093246459961,35.69377517700195,128106.0
2024-04-01,24.712825775146484,25.94081687927246,50.31144714355469,35.49755096435547,126990.0
2024-04-02,24.74238395690918,26.609149932861328,50.90314865112305,35.665740966796875,127549.0
2024-04-03,24.557626724243164,26.47134780883789,50.17173385620117,35.40411376953125,127318.0
2024-04-04,24.23245620727539,26.168190002441406,49.61289978027344,35.600337982177734,127428.0
2024-04-05,24.18811798095703,26.250871658325195,49.070499420166016,35.49755096435547,126795.0
2024-04-08,24.550241470336914,26.61604118347168,51.74961853027344,35.69377517700195,128857.0
2024-04-09,24.80889892578125,26.6849365234375,51.40445327758789,36.25440979003906,129890.0
2024-04-10,24.284189224243164,27.27747917175293,50.62373352050781,35.88066101074219,128054.0
2024-04-11,24.239849090576172,27.077669143676758,50.837406158447266,35.73114776611328,127396.0
2024-04-12,23.988584518432617,26.829633712768555,50.64838790893555,35.48821258544922,125946.0
2024-04-15,23.582122802734375,27.084558486938477,50.94424057006836,35.17051696777344,125334.0
2024-04-16,23.40475845336914,27.20857810974121,50.49224090576172,36.226383209228516,124389.0
2024-04-17,23.41953468322754,27.408390045166016,51.0428581237793,35.71246337890625,124171.0
2024-04-18,23.44910430908203,27.45661735534668,51.231876373291016,36.067535400390625,124196.0
2024-04-19,23.31607437133789,27.925138473510742,52.07012176513672,36.020809173583984,125124.0
2024-04-22,23.301298141479492,28.59346580505371,52.045475006103516,35.75918197631836,125573.0
2024-04-23,23.64863395690918,28.538349151611328,51.59347152709961,35.49755096435547,125148.0
2024-04-24,23.545166015625,28.40743637084961,52.23448944091797,35.72180938720703,124741.0
2024-04-25,23.412145614624023,29.08954429626465,51.133262634277344,36.1329460144043,124646.0
2024-04-26,23.803831100463867,29.50037956237793,51.133262634277344,36.6468505859375,126526.0
2024-04-29,23.61907386779785,29.85451889038086,52.5139045715332,36.777671813964844,127352.0
2024-04-30,23.17566680908203,29.7624454498291,52.01259994506836,36.955204010009766,125924.0
2024-05-02,23.514062881469727,29.875770568847656,52.530338287353516,36.30112838745117,127122.0
2024-05-03,23.809839248657227,29.4957218170166,52.587867736816406,36.226383209228516,128509.0
2024-05-06,23.957731246948242,29.69536781311035,52.7440185546875,36.09556579589844,128466.0
2024-05-07,24.453147888183594,30.05768394470215,53.07273483276367,36.34785461425781,129210.0
2024-05-08,24.608428955078125,30.51612663269043,52.587867736816406,36.5253791809082,129481.0
2024-05-09,23.86899185180664,30.81189727783203,53.01520919799805,36.34785461425781,128188.0
2024-05-10,24.142589569091797,30.745349884033203,52.834407806396484,36.41325378417969,127600.0
2024-05-13,24.438365936279297,30.774925231933594,53.146697998046875,36.51604080200195,128155.0
2024-05-14,24.70455551147461,30.220359802246094,53.11381912231445,37.01126480102539,128515.0
2024-05-15,24.638004302978516,28.393978118896484,52.95768737792969,37.02061080932617,128028.0
2024-05-16,24.564067840576172,27.565818786621094,53.34394073486328,37.001914978027344,128284.0
2024-05-17,24.571456909179688,27.12955093383789,54.387638092041016,37.03929901123047,128151.0
2024-05-20,24.497514724731445,27.173919677734375,54.36298751831055,37.23551940917969,127751.0
2024-05-21,24.371810913085938,27.122159957885742,54.20683670043945,37.15142822265625,127412.0
2024-05-22,23.994705200195312,27.49187469482422,53.77949905395508,36.702919006347656,125650.0
2024-05-23,23.78026008605957,27.218290328979492,53.458984375,36.469322204589844,124729.0
2024-05-24,23.551040649414062,27.07040023803711,53.483646392822266,35.8245964050293,124306.0
2024-05-27,23.46969985961914,27.366167068481445,53.664451599121094,35.83393859863281,124496.0
2024-05-28,23.343997955322266,27.950315475463867,52.50568771362305,35.72180938720703,123780.0
2024-05-29,23.181312561035156,27.913345336914062,51.97150802612305,35.25461196899414,122707.0
2024-05-31,22.944698333740234,28.682353973388672,51.938636779785156,35.08641815185547,122098.0
2024-06-03,23.26849937438965,28.527074813842773,50.84562301635742,34.89019775390625,122032.0
2024-06-04,23.349885940551758,28.20911407470703,50.327880859375,35.32002258300781,121802.0
2024-06-05,23.305484771728516,28.246091842651367,49.61289978027344,35.07707977294922,121407.0
2024-06-06,23.60143280029297,28.379188537597656,50.30322265625,35.32936096191406,122899.0
2024-06-07,23.26849937438965,27.314411163330078,49.64577102661133,35.36673355102539,120767.0
2024-06-10,23.083532333374023,27.72849464416504,50.18817138671875,35.32936096191406,120760.0
2024-06-11,23.342479705810547,27.846799850463867,50.11420440673828,35.32002258300781,121635.0
2024-06-12,23.305484771728516,27.24087142944336,49.42388916015625,35.57231140136719,119936.0
2024-06-13,23.061336517333984,26.96708869934082,49.99093246459961,35.89933776855469,119568.0
2024-06-14,23.039138793945312,26.37390899658203,49.81835174560547,36.226383209228516,119662.0
2024-06-17,23.60143280029297,26.47277069091797,49.62112045288086,36.226383209228516,119138.0
2024-06-18,23.58663558959961,27.30171012878418,49.85123062133789,36.31047058105469,119630.0
2024-06-19,23.771602630615234,27.324527740478516,50.00736999511719,37.198150634765625,120261.0
2024-06-20,23.60883331298828,27.75800323486328,50.45936965942383,38.10450744628906,120446.0
2024-06-21,23.773635864257812,27.902498245239258,49.99093246459961,38.384822845458984,121341.0
2024-06-24,24.11667251586914,28.183883666992188,50.048465728759766,38.1886100769043,122637.0
2024-06-25,24.191240310668945,28.161067962646484,49.84300994873047,38.84267044067383,122331.0
2024-06-26,24.146499633789062,28.206701278686523,50.45936965942383,39.19774627685547,122641.0
2024-06-27,24.191240310668945,28.678205490112305,50.590858459472656,38.964149475097656,124308.0
2024-06-28,24.168867111206055,28.936769485473633,51.133262634277344,39.422000885009766,123907.0
2024-07-01,24.055198669433594,29.377857208251953,51.889320373535156,39.27486801147461,124718.0
2024-07-02,24.368574142456055,29.286598205566406,51.71674346923828,39.33100891113281,124787.0
2024-07-03,24.517797470092773,28.77707290649414,52.7440185546875,39.4058723449707,125662.0
2024-07-04,24.555105209350586,28.381610870361328,52.48103332519531,39.20000076293945,126164.0
2024-07-05,24.570022583007812,28.53371238708496,52.26736068725586,39.480735778808594,126267.0
2024-07-08,24.525253295898438,29.233360290527344,51.856449127197266,41.614322662353516,126548.0
2024-07-09,24.696866989135742,29.225757598876953,51.79071044921875,41.689186096191406,127108.0
2024-07-10,24.95801544189453,28.951976776123047,51.0921630859375,41.22129440307617,127218.0
2024-07-11,25.107236862182617,29.149707794189453,50.96067428588867,42.07285690307617,128294.0
2024-07-12,24.965478897094727,29.012819290161133,51.708526611328125,42.93377685546875,128897.0
2024-07-15,25.06247329711914,29.278995513916016,51.76605224609375,43.523319244384766,129321.0
2024-07-16,25.211694717407227,29.202943801879883,51.22365951538086,43.68240737915039,129110.0
2024-07-17,25.487760543823242,29.35504150390625,50.747005462646484,44.02864456176758,129450.0
2024-07-18,25.36838722229004,29.30180549621582,50.27035140991211,44.35617446899414,127652.0
2024-07-19,25.562374114990234,29.42348289489746,50.22926330566406,44.253238677978516,127616.0
2024-07-22,25.547456741333008,28.83790397644043,50.17173385620117,44.14093780517578,127860.0
2024-07-23,25.51014518737793,28.46526336669922,49.49784851074219,44.02864456176758,126590.0
2024-07-24,25.472843170166016,28.693410873413086,49.801918029785156,43.654335021972656,126423.0
2024-07-25,25.36092185974121,28.655391693115234,49.77726364135742,42.99928665161133,125954.0
2024-07-26,25.547456741333008,28.624969482421875,50.51689529418945,43.90699005126953,127492.0
2024-07-29,25.733989715576172,28.0469913482666,50.607295989990234,43.49525451660156,126954.0
2024-07-30,25.636995315551758,27.87208366394043,49.48963165283203,42.915061950683594,126139.0
2024-07-31,25.278846740722656,28.450054168701172,50.64838790893555,47.40682601928711,127652.0
2024-08-01,24.911300659179688,28.01657485961914,49.514286041259766,49.44683837890625,127395.0
2024-08-02,24.597763061523438,27.172422409057617,48.8239631652832,46.62077331542969,125854.0
2024-08-05,24.597763061523438,27.149612426757812,48.57164764404297,45.89519119262695,125270.0
2024-08-06,25.14272117614746,27.62111473083496,48.81867980957031,45.99851608276367,126267.0
2024-08-07,25.209909439086914,27.58308982849121,48.724971771240234,45.3879508972168,127514.0
2024-08-08,25.12032699584961,28.024179458618164,48.42683410644531,46.67482376098633,128661.0
2024-08-09,25.79966163635254,27.765609741210938,48.605716705322266,46.68422317504883,130615.0
2024-08-12,25.83698272705078,28.396820068359375,48.35868835449219,47.51082229614258,131116.0
2024-08-13,26.568580627441406,28.221904754638672,48.14573287963867,48.027442932128906,132398.0
2024-08-14,27.225509643554688,28.716224670410156,47.70277404785156,48.41257095336914,133318.0
2024-08-15,27.658485412597656,29.157310485839844,47.8986930847168,49.50218200683594,134153.0
2024-08-16,27.42706298828125,29.278995513916016,47.77091979980469,50.0188102722168,133953.0
2024-08-19,27.591299057006836,29.233360290527344,48.537574768066406,48.64739990234375,135778.0
2024-08-20,27.792865753173828,29.119287490844727,48.724971771240234,49.887298583984375,136087.0
2024-08-21,27.680883407592773,28.944381713867188,49.661991119384766,50.18788528442383,136464.0
2024-08-22,27.42706298828125,29.032913208007812,49.730140686035156,50.91115951538086,135173.0
2024-08-23,27.218042373657227,28.85301971435547,48.89534378051758,50.544830322265625,135608.0
2024-08-26,27.27776336669922,30.94915008544922,49.449031829833984,50.79844665527344,136889.0
2024-08-27,27.307615280151367,30.534618377685547,50.93974685668945,50.72330093383789,136776.0
2024-08-28,27.89737319946289,30.972614288330078,50.573455810546875,50.72330093383789,137344.0
2024-08-29,27.591299057006836,30.761438369750977,50.513832092285156,50.29121017456055,136041.0
2024-08-30,27.39720916748047,30.7927188873291,50.75234603881836,50.864192962646484,136004.0
2024-09-02,27.178863525390625,30.503326416015625,50.03680419921875,49.17341995239258,134981.0
2024-09-03,27.619508743286133,30.135725021362305,48.17128372192383,49.59611892700195,134353.0
2024-09-04,27.81369972229004,30.143550872802734,48.54609680175781,50.15030288696289,136111.0
2024-09-05,27.992958068847656,29.955833435058594,48.89534378051758,50.71390914916992,136502.0
2024-09-06,27.59711265563965,29.36923599243164,48.28202438354492,49.671260833740234,134572.0
2024-09-09,27.865983963012695,29.689912796020508,48.28202438354492,49.26735305786133,134737.0
2024-09-10,27.865983963012695,29.197162628173828,47.70277404785156,49.6806526184082,134320.0
2024-09-11,27.918264389038086,29.165874481201172,49.05718994140625,50.253639221191406,134677.0
2024-09-12,27.61203956604004,28.837377548217773,49.500144958496094,50.075164794921875,134029.0
2024-09-13,27.641925811767578,28.704418182373047,49.832359313964844,50.36635208129883,134882.0
2024-09-16,27.634458541870117,29.10330581665039,49.832359313964844,49.78397750854492,135118.0
2024-09-17,27.567235946655273,28.9703426361084,49.593849182128906,50.084556579589844,134960.0
2024-09-18,27.41039276123047,28.274242401123047,49.01459884643555,50.347564697265625,133748.0
2024-09-19,27.335702896118164,28.368099212646484,49.60237121582031,50.028202056884766,133123.0
2024-09-20,27.036951065063477,28.36027717590332,48.85274887084961,49.333099365234375,131065.0
2024-09-23,26.878929138183594,28.649667739868164,49.00607681274414,51.02387619018555,130568.0
2024-09-24,26.871402740478516,28.766984939575195,51.399742126464844,52.02894592285156,132156.0
2024-09-25,27.210020065307617,28.978164672851562,51.62973403930664,52.301353454589844,131586.0
2024-09-26,27.556171417236328,28.352453231811523,54.730411529541016,52.64889907836914,133010.0
2024-09-27,27.661516189575195,28.24295997619629,54.48338317871094,52.63011932373047,132730.0
2024-09-30,27.17239761352539,28.16474151611328,54.10005569458008,51.153594970703125,131816.0
2024-10-01,26.726438522338867,28.915597915649414,54.3641242980957,52.554931640625,132495.0
2024-10-02,26.892066955566406,29.314481735229492,54.66226577758789,52.05646896362305,133515.0
2024-10-03,26.229551315307617,29.67426300048828,53.614505767822266,51.35110092163086,131672.0
2024-10-04,26.282255172729492,29.59605598449707,53.22266387939453,51.25705337524414,131792.0
2024-10-07,26.45541000366211,30.010587692260742,53.6911735534668,50.222503662109375,132018.0
2024-10-08,26.613510131835938,29.408336639404297,52.064170837402344,51.07835388183594,131512.0
2024-10-09,26.124156951904297,29.111127853393555,51.92787551879883,50.78680419921875,129962.0
2024-10-10,26.267202377319336,29.44744300842285,52.17490768432617,50.95608901977539,130353.0
2024-10-11,26.071449279785156,29.423978805541992,52.92452621459961,50.946685791015625,129992.0
2024-10-14,26.237085342407227,29.494373321533203,52.75415802001953,51.76491165161133,131005.0
2024-10-15,26.538225173950195,29.251914978027344,52.10675811767578,53.166259765625,131043.0
2024-10-16,26.380125045776367,29.10330581665039,53.10340881347656,53.786983489990234,131750.0
2024-10-17,26.432823181152344,28.88430404663086,51.757511138916016,52.874698638916016,130793.0
2024-10-18,26.560808181762695,28.806093215942383,51.5786247253418,51.934207916259766,130499.0
2024-10-21,26.425294876098633,28.352453231811523,51.39122009277344,51.76491165161133,130362.0
2024-10-22,26.47047233581543,28.24295997619629,51.45936584472656,52.620765686035156,129721.0
2024-10-23,26.636098861694336,27.890995025634766,50.55642318725586,52.85589599609375,129233.0
2024-10-24,26.87700653076172,28.078706741333008,50.85456466674805,52.92172622680664,130067.0
2024-10-25,26.57586669921875,28.274242401123047,52.58378982543945,52.16933059692383,129893.0
2024-10-28,26.899599075317383,28.227313995361328,53.56340026855469,52.91231918334961,131213.0
2024-10-29,26.613510131835938,28.16474151611328,53.375999450683594,53.551856994628906,130730.0
2024-10-30,26.538225173950195,28.03960418701172,53.214149475097656,50.78680419921875,130639.0
2024-10-31,26.365070343017578,28.08652687072754,52.864898681640625,50.89025115966797,129713.0
2024-11-01,26.22018814086914,27.703283309936523,52.83934020996094,51.44514846801758,128121.0
2024-11-04,26.574201583862305,27.765853881835938,53.3845100402832,52.84648895263672,130515.0
2024-11-05,27.372642517089844,27.6798152923584,52.91600799560547,52.67720031738281,130661.0
2024-11-06,27.244586944580078,27.687641143798828,52.31971740722656,52.752437591552734,130341.0
2024-11-07,26.84537124633789,27.773670196533203,54.14264678955078,52.45147705078125,129682.0
2024-11-08,26.423559188842773,28.297704696655273,51.64677429199219,51.81193161010742,127830.0
2024-11-11,26.453693389892578,28.352453231811523,49.96013641357422,52.18813705444336,127874.0
2024-11-12,26.1373291015625,28.88430404663086,48.82719421386719,52.12229919433594,127698.0
2024-11-13,26.001745223999023,28.845197677612305,48.69089889526367,51.44514846801758,127734.0
2024-11-14,25.926420211791992,29.150232315063477,48.41831588745117,51.115966796875,127792.0
2024-11-18,25.83603286743164,29.877626419067383,49.02311706542969,50.78680419921875,127768.0
2024-11-19,26.069538116455078,29.56476402282715,49.133853912353516,50.90906524658203,128197.0
2024-11-21,25.617595672607422,29.650800704956055,49.08274841308594,50.53287124633789,126922.0
2024-11-22,25.69291877746582,30.83182716369629,49.55977249145508,50.79620361328125,129126.0
2024-11-25,25.685386657714844,30.644115447998047,49.55125427246094,49.04688262939453,129036.0
2024-11-26,26.17499351501465,30.605005264282227,48.9208984375,49.639400482177734,129922.0
2024-11-27,25.53474235534668,30.495508193969727,49.517181396484375,49.0092658996582,127669.0
2024-11-28,24.615787506103516,30.182655334472656,49.00607681274414,49.761653900146484,124610.0
2024-11-29,24.555530548095703,30.425111770629883,50.07087326049805,50.730369567871094,125668.0
2024-12-02,24.207080841064453,30.620651245117188,50.19013214111328,50.64571762084961,125236.0
2024-12-03,24.478395462036133,30.894399642944336,49.80680465698242,51.35110092163086,126139.0
2024-12-04,24.629127502441406,30.698869705200195,48.835716247558594,51.727294921875,126087.0
2024-12-05,25.156673431396484,31.003896713256836,49.23607635498047,51.661460876464844,127858.0
2024-12-06,24.64419937133789,30.52679443359375,48.392757415771484,52.29159164428711,125946.0
2024-12-09,24.76478385925293,31.316753387451172,50.965301513671875,52.43267059326172,127210.0
2024-12-10,25.0999755859375,31.434072494506836,50.91419219970703,53.49543380737305,128228.0
2024-12-11,25.34343910217285,31.746929168701172,50.12198257446289,55.06605911254883,129593.0
2024-12-12,24.711950302124023,31.179086685180664,48.73874282836914,54.36068344116211,126042.0
2024-12-13,24.392396926879883,30.983911514282227,48.00822830200195,54.2290153503418,124612.0
2024-12-16,24.126102447509766,30.85379409790039,47.98243713378906,53.71173858642578,123560.0
2024-12-17,24.25544548034668,31.146556854248047,48.22308349609375,54.45473861694336,124698.0
2024-12-18,23.563087463378906,30.34146499633789,47.105812072753906,53.65531539916992,120772.0
2024-12-19,23.692424774169922,30.219480514526367,46.21199417114258,53.100425720214844,121188.0
2024-12-20,23.966325759887695,29.967376708984375,46.94252014160156,52.23516845703125,122102.0
2024-12-23,23.50221824645996,29.975515365600586,47.14018630981445,51.08589553833008,120767.0
2024-12-26,23.654382705688477,30.200851440429688,47.2776985168457,51.48146438598633,121078.0
2024-12-27,23.418521881103516,30.10797691345215,47.045650482177734,50.55845260620117,120269.0
2024-12-30,23.380483627319336,30.555456161499023,46.882362365722656,49.70137405395508,120283.0
2025-01-02,23.272117614746094,31.0451602935791,46.62452697753906,49.6542854309082,120125.0
2025-01-03,22.70116424560547,30.715877532958984,45.75649642944336,49.409393310546875,118533.0
2025-01-06,23.721269607543945,30.572341918945312,45.172080993652344,49.4188117980957,120022.0
2025-01-07,23.9800968170166,31.22245979309082,44.733760833740234,50.40775680541992,121163.0
2025-01-08,23.591848373413086,30.969167709350586,44.30404281616211,50.11578369140625,119625.0
2025-01-09,23.652753829956055,31.10426139831543,44.02902603149414,51.13297653198242,119781.0
2025-01-10,23.325407028198242,31.18868637084961,44.278263092041016,50.247642517089844,118856.0
2025-01-13,23.492889404296875,31.298446655273438,44.2696647644043,50.15345764160156,119007.0
2025-01-14,23.508108139038086,31.087373733520508,44.56187438964844,49.852073669433594,119299.0
2025-01-15,24.528217315673828,31.48419761657715,45.206451416015625,51.01054382324219,122650.0
2025-01-16,24.45208740234375,31.281564712524414,45.26661682128906,50.54902648925781,121234.0
2025-01-17,24.627182006835938,31.408212661743164,46.83079147338867,51.019962310791016,122350.0
2025-01-20,24.86317253112793,31.48419761657715,46.658905029296875,51.92413330078125,122543.0
2025-01-21,24.916465759277344,31.492639541625977,46.426856994628906,52.395057678222656,123338.0
2025-01-22,24.82511329650879,31.315336227416992,45.258018493652344,53.15795135498047,122972.0
2025-01-23,24.771825790405273,31.09581756591797,44.9658088684082,53.92084884643555,122483.0
2025-01-24,24.710922241210938,30.935394287109375,45.576011657714844,54.50480270385742,122447.0
2025-01-27,25.304712295532227,31.39132308959961,46.37528991699219,50.20997619628906,124862.0
2025-01-28,25.35038948059082,31.349109649658203,45.24943161010742,50.94460678100586,124056.0
2025-01-29,25.289491653442383,31.1549129486084,45.37834167480469,51.26483917236328,123432.0
2025-01-30,25.906116485595703,31.56862449645996,47.294883728027344,52.94132995605469,126913.0
2025-01-31,25.73863983154297,31.821914672851562,46.55577087402344,51.83937072753906,126135.0
2025-02-03,25.500730514526367,31.6614990234375,46.59014892578125,50.76565933227539,125970.0
2025-02-04,25.59213638305664,31.349109649658203,46.426856994628906,50.916358947753906,125147.0
2025-02-05,25.980581283569336,31.12114715576172,46.67609405517578,51.30251693725586,125534.0
2025-02-06,26.026287078857422,31.06203842163086,47.380836486816406,51.35902404785156,126225.0
2025-02-07,25.83587074279785,30.884742736816406,47.12300109863281,50.80332946777344,124619.0
2025-02-10,26.117687225341797,31.09581756591797,47.61288070678711,51.0576286315918,125572.0
2025-02-11,26.391887664794922,31.09581756591797,47.4066162109375,50.021602630615234,126522.0
2025-02-12,25.660680770874023,30.631444931030273,47.088623046875,49.635440826416016,124380.0
2025-02-13,25.79778289794922,30.66521644592285,47.14878845214844,49.4188117980957,124850.0
2025-02-14,26.483285903930664,31.610841751098633,47.84492492675781,50.671470642089844,128219.0
2025-02-17,26.536602020263672,31.80503273010254,47.58709716796875,49.39997863769531,128869.0
2025-02-18,26.492218017578125,32.387603759765625,47.90509033203125,49.814395904541016,128532.0
2025-02-19,26.244840621948242,32.45515060424805,47.86211395263672,49.17393493652344,127309.0
2025-02-20,26.173032760620117,32.50580596923828,49.62397003173828,49.07032775878906,127601.0
2025-02-21,26.093236923217773,32.412933349609375,49.984928131103516,49.87089920043945,127128.0
2025-02-24,25.949604034423828,32.18497085571289,49.5294303894043,48.55230712890625,125401.0
2025-02-25,26.212932586669922,32.041439056396484,49.04814147949219,49.35289001464844,125980.0
2025-02-26,26.149093627929688,32.041439056396484,48.74734115600586,45.06747817993164,124769.0
2025-02-27,26.12515640258789,30.91007423400879,48.386375427246094,46.05641555786133,124799.0
2025-02-28,25.486785888671875,30.335939407348633,47.39802551269531,45.60432052612305,122799.0
2025-03-05,25.868141174316406,29.229894638061523,47.77617645263672,45.16139221191406,123047.0
2025-03-06,25.916048049926758,28.92594337463379,48.30043411254883,44.81071090698242,123358.0
2025-03-07,26.027822494506836,29.238340377807617,49.00517272949219,45.388851165771484,125035.0
2025-03-10,26.259357452392578,29.229894638061523,48.212066650390625,45.1898193359375,124519.0
2025-03-11,26.027822494506836,28.790857315063477,48.61391067504883,44.16622543334961,123507.0
2025-03-12,26.107666015625,28.790857315063477,48.00667953491211,44.734893798828125,123864.0
2025-03-13,26.530811309814453,29.077922821044922,48.66748809814453,44.298919677734375,125637.0
2025-03-14,27.393089294433594,29.972888946533203,50.265926361083984,44.298919677734375,128957.0
2025-03-17,28.215435028076172,30.530132293701172,50.98923873901367,45.16139221191406,130834.0
2025-03-18,28.367130279541016,30.555456161499023,51.36429214477539,45.16139221191406,131475.0
2025-03-19,28.437393188476562,30.530132293701172,51.274993896484375,45.62579345703125,132508.0
2025-03-20,28.17392349243164,30.597675323486328,51.1142578125,45.39833068847656,131955.0
2025-03-21,28.235397338867188,31.07048797607422,51.301780700683594,45.35094451904297,132345.0
2025-03-24,28.26174545288086,31.02827262878418,51.03388977050781,44.962364196777344,131321.0
2025-03-25,28.490087509155273,31.27311897277832,51.20355224609375,44.6205940246582,132068.0
2025-03-26,28.182706832885742,31.56862449645996,51.51609802246094,44.38324737548828,132520.0
2025-03-27,28.217838287353516,31.80503273010254,51.9268684387207,44.041473388671875,133149.0
2025-03-28,27.831403732299805,31.60240364074707,51.40000915527344,43.528812408447266,131902.0
2025-03-31,27.585498809814453,31.374435424804688,50.63204574584961,42.987667083740234,130260.0
2025-04-01,27.592220306396484,31.492639541625977,51.06960678100586,43.05412673950195,131147.0
2025-04-02,27.601009368896484,31.408212661743164,50.837432861328125,42.62690734863281,131190.0
2025-04-03,28.09309959411621,30.395038604736328,48.99789047241211,42.02880096435547,131141.0
2025-04-04,27.363752365112305,29.170793533325195,47.042259216308594,41.50664520263672,127256.0
2025-04-07,27.416473388671875,28.014097213745117,46.47968292236328,41.77246856689453,125588.0
2025-04-08,27.425262451171875,27.017818450927734,43.934688568115234,41.77246856689453,123932.0
2025-04-09,27.926143646240234,28.115415573120117,46.30108642578125,43.111083984375,127796.0
2025-04-10,27.811904907226562,26.367698669433594,47.131561279296875,42.63640213012695,126355.0
2025-04-11,27.952505111694336,26.89116859436035,47.917381286621094,42.83576965332031,127682.0
2025-04-14,28.409446716308594,26.789852142333984,48.5424690246582,43.50032424926758,129454.0
2025-04-15,28.769723892211914,26.173507690429688,48.05133056640625,43.50032424926758,129245.0
2025-04-16,28.725788116455078,26.173507690429688,46.93510818481445,43.519317626953125,128317.0
2025-04-17,28.778512954711914,26.691001892089844,47.22085952758789,43.62375259399414,129650.0
2025-04-22,29.34090232849121,26.751562118530273,48.06026077270508,43.89906692504883,130464.0
2025-04-23,29.956018447875977,26.448747634887695,48.63176727294922,43.927547454833984,132216.0
2025-04-24,30.535980224609375,26.32762336730957,49.390804290771484,46.130096435546875,134580.0
2025-04-25,30.42174530029297,26.405492782592773,48.08705139160156,47.364288330078125,134739.0
2025-04-28,30.74687957763672,26.301666259765625,48.256717681884766,47.772518157958984,135016.0
2025-04-29,30.9929256439209,26.44009780883789,48.07811737060547,47.91492462158203,135093.0
2025-04-30,31.26533317565918,25.946941375732422,47.202999114990234,42.38006591796875,135067.0
2025-05-02,31.18414306640625,26.656394958496094,47.149417877197266,42.17120361328125,135134.0
2025-05-05,30.630260467529297,25.66143035888672,47.29229736328125,40.37688446044922,133491.0
2025-05-06,30.472013473510742,26.085369110107422,47.3280143737793,40.775630950927734,133516.0
2025-05-07,30.806100845336914,26.206499099731445,47.23871994018555,39.826255798339844,133398.0
2025-05-08,31.052263259887695,26.569873809814453,47.09584426879883,40.073089599609375,136232.0
2025-05-09,32.731475830078125,26.742910385131836,47.28336715698242,39.674354553222656,136512.0
2025-05-12,32.07209777832031,27.38315200805664,48.471031188964844,40.509796142578125,136563.0
2025-05-13,32.46772766113281,27.79844093322754,49.265785217285156,41.77246856689453,138963.0
2025-05-14,32.68751525878906,27.608097076416016,49.024681091308594,41.838924407958984,138423.0
2025-05-15,33.127105712890625,27.573488235473633,49.51581954956055,41.93386459350586,139334.0
2025-05-16,33.32051467895508,27.703269958496094,49.55154037475586,42.721839904785156,139187.0
2025-05-19,33.71614074707031,27.66866111755371,49.4175910949707,42.29462432861328,139636.0
2025-05-20,33.67219161987305,27.781139373779297,49.42652130126953,42.275638580322266,140110.0
2025-05-21,32.9952278137207,27.469669342041016,48.79250717163086,41.25031280517578,137881.0
2025-05-22,32.766639709472656,27.10628890991211,48.42638397216797,41.45917510986328,137273.0
2025-05-23,33.162261962890625,27.166854858398438,48.506752014160156,41.4781608581543,137824.0
2025-05-26,33.23260498046875,27.08033561706543,48.22992706298828,41.516143798828125,138136.0
2025-05-27,33.4963493347168,27.279329299926758,48.07811737060547,42.33259582519531,139541.0
2025-05-28,33.223812103271484,27.19281005859375,47.69413757324219,42.399051666259766,138888.0
2025-05-29,32.96006774902344,27.028423309326172,47.7298583984375,41.79146194458008,138534.0
2025-05-30,32.90730667114258,26.734256744384766,46.524330139160156,40.20600128173828,137027.0
2025-06-02,32.67654800415039,26.889995574951172,46.93510818481445,39.73131561279297,136787.0
2025-06-03,32.57099533081055,26.898164749145508,46.90830993652344,39.58890914916992,137546.0
2025-06-04,32.491844177246094,26.158418655395508,47.12263107299805,40.97499465942383,137002.0
2025-06-05,32.09601593017578,26.167333602905273,47.24764633178711,40.386383056640625,136236.0
2025-06-06,32.17518997192383,26.44362449645996,47.31015396118164,40.41486358642578,136102.0
2025-06-09,32.0080680847168,25.997995376586914,47.586978912353516,40.67119598388672,135699.0
2025-06-10,31.958446502685547,26.782299041748047,47.9084587097168,40.15853500366211,136436.0
2025-06-11,32.25139236450195,27.67355728149414,47.48875045776367,40.14904022216797,137128.0
2025-06-12,32.499961853027344,28.297441482543945,47.176212310791016,40.12055969238281,137800.0
2025-06-13,32.109352111816406,28.992616653442383,46.55112075805664,40.24397659301758,137213.0
2025-06-16,32.69526290893555,28.707416534423828,48.06919479370117,40.386383056640625,139256.0
2025-06-17,32.890560150146484,29.358034133911133,45.90817642211914,39.31359100341797,138840.0
2025-06-18,32.69526290893555,29.331298828125,45.75636672973633,39.74081039428711,138717.0
2025-06-20,32.526588439941406,29.25108528137207,44.577632904052734,39.53194808959961,137116.0
2025-06-23,32.45557403564453,28.520254135131836,45.14020919799805,39.5833854675293,136551.0
2025-06-24,33.0681037902832,27.95876121520996,45.131282806396484,39.4311408996582,137165.0
2025-06-25,32.47333526611328,27.816158294677734,45.077701568603516,39.792724609375,135767.0
2025-06-26,32.2336311340332,28.03897476196289,46.435035705566406,40.982120513916016,137114.0
2025-06-27,32.19812774658203,27.816158294677734,47.21192932128906,40.297027587890625,136866.0
2025-06-30,32.80179214477539,27.967674255371094,47.01547622680664,40.706180572509766,138855.0
2025-07-01,32.95069122314453,28.065711975097656,47.64949035644531,40.439754486083984,139549.0
2025-07-02,32.684242248535156,28.5648136138916,49.38187026977539,40.37315368652344,139051.0
2025-07-03,33.49245834350586,28.662853240966797,49.14970016479492,40.63956832885742,140928.0
2025-07-04,33.51022720336914,28.6272029876709,49.29257583618164,40.9155158996582,141478.0
2025-07-07,33.06614685058594,28.573728561401367,48.56925964355469,40.27799987792969,139490.0
2025-07-08,32.98622131347656,28.983707427978516,48.73892593383789,38.641380310058594,139303.0
2025-07-09,32.302337646484375,28.80545425415039,48.256717681884766,38.16561508178711,137481.0
2025-07-10,31.307594299316406,28.734155654907227,49.364013671875,37.96579360961914,136743.0
2025-07-11,31.05003547668457,29.08174705505371,50.0069580078125,37.823062896728516,136187.0
2025-07-14,30.996742248535156,28.698503494262695,49.43545150756836,37.61372756958008,135299.0
2025-07-15,31.103321075439453,28.475690841674805,48.140628814697266,37.74694061279297,135250.0
2025-07-16,31.254301071166992,28.333091735839844,48.578189849853516,39.12664794921875,135511.0
2025-07-17,31.725034713745117,28.04788589477539,48.4888916015625,40.04962921142578,135565.0
2025-07-18,31.147724151611328,27.62008285522461,48.721065521240234,40.31605529785156,133382.0
2025-07-21,31.511873245239258,27.67355728149414,50.051605224609375,39.93545150756836,134167.0
2025-07-22,31.0855655670166,27.940935134887695,51.346431732177734,39.316959381103516,134036.0
2025-07-23,31.43194007873535,28.51133918762207,51.274993896484375,36.16740798950195,135368.0
2025-07-24,31.138845443725586,28.466777801513672,50.48023986816406,34.47370147705078,133808.0
2025-07-25,31.272071838378906,28.50242805480957,49.73906707763672,34.41660690307617,133524.0
2025-07-28,30.614830017089844,28.53807830810547,49.25685501098633,35.11591720581055,132129.0
2025-07-29,30.79246711730957,28.91240692138672,48.953243255615234,34.97251510620117,132726.0
2025-07-30,31.147724151611328,29.20652198791504,48.07811737060547,35.23064041137695,133990.0
2025-07-31,31.227657318115234,29.09065818786621,47.73878479003906,35.479217529296875,133071.0
2025-08-01,31.03896713256836,28.707416534423828,47.99774932861328,35.546138763427734,132437.0
2025-08-04,31.367748260498047,28.662853240966797,48.38173294067383,35.440975189208984,132971.0
2025-08-05,31.71430206298828,28.796545028686523,48.3192253112793,35.49833679199219,133151.0
2025-08-06,32.114173889160156,28.832191467285156,48.01560974121094,36.48307418823242,134538.0
2025-08-07,32.68288040161133,28.992616653442383,48.36387252807617,37.286163330078125,136528.0
2025-08-08,32.9050407409668,27.210105895996094,49.46223831176758,36.425716400146484,135913.0
2025-08-11,33.10940933227539,27.37944221496582,49.40866470336914,35.584381103515625,135623.0
2025-08-12,33.793643951416016,27.45074462890625,49.92658996582031,35.001190185546875,137914.0
2025-08-13,33.47373962402344,27.24575424194336,49.996273040771484,35.0107536315918,136687.0
2025-08-14,33.4293098449707,26.898164749145508,49.37697982788086,34.88646697998047,136356.0
2025-08-15,33.31379699707031,26.889251708984375,49.284549713134766,34.38931655883789,136341.0
2025-08-18,33.55371856689453,27.058591842651367,49.17362976074219,34.80997848510742,137322.0
2025-08-19,32.57876968383789,26.773387908935547,49.21060562133789,34.03557586669922,134432.0
2025-08-20,32.59671401977539,26.933813095092773,48.988765716552734,34.48492431640625,134667.0
2025-08-21,32.63261032104492,26.996204376220703,49.40471267700195,34.331947326660156,134511.0
2025-08-22,33.54779815673828,27.7727108001709,50.64329528808594,35.852081298828125,137968.0
2025-08-25,33.377315521240234,27.93677520751953,50.76345443725586,36.07197570800781,138025.0
2025-08-26,33.153011322021484,27.736251831054688,51.216373443603516,35.93812561035156,137771.0
2025-08-27,33.70929718017578,27.945892333984375,51.18864059448242,36.08153533935547,139206.0
2025-08-28,34.40914535522461,28.191993713378906,51.20712661743164,36.158016204833984,141049.0
2025-08-29,34.53476333618164,28.346942901611328,51.355018615722656,36.00505065917969,141422.0
2025-09-01,34.810916900634766,28.410743713378906,51.391990661621094,36.14845657348633,141125.0
2025-09-02,34.21847915649414,28.55657958984375,51.19788360595703,36.024166107177734,140335.0
2025-09-03,33.9222412109375,28.31048011779785,51.391990661621094,36.18669891357422,139864.0
2025-09-04,34.05690002441406,28.31048011779785,51.4936637878418,35.61306381225586,140993.0
2025-09-05,34.433902740478516,27.88208770751953,51.96506881713867,36.18669891357422,142640.0
2025-09-08,34.2723274230957,27.991464614868164,52.0944709777832,35.79471206665039,141792.0
2025-09-09,33.976112365722656,28.210222244262695,51.93733596801758,35.35493087768555,141618.0
2025-09-10,34.00303268432617,28.72064781188965,52.297821044921875,35.641746520996094,142349.0
2025-09-11,34.06587219238281,28.611270904541016,52.70452117919922,35.21152877807617,143151.0
2025-09-12,33.5542106628418,28.41986083984375,52.68603515625,35.32625198364258,142272.0
2025-09-15,34.11075210571289,28.665958404541016,53.148189544677734,34.90558624267578,143547.0
2025-09-16,34.020992279052734,28.73887825012207,53.33305358886719,35.15415954589844,144062.0
2025-09-17,34.50571823120117,28.912057876586914,53.42548751831055,35.09679412841797,145594.0
2025-09-18,34.550601959228516,28.629499435424805,53.32381057739258,35.11591720581055,145500.0
2025-09-19,35.00840377807617,28.31048011779785,53.53640365600586,34.75261306762695,145865.0
2025-09-22,34.50571823120117,28.593040466308594,53.6103515625,35.479217529296875,145109.0
2025-09-23,35.053287506103516,29.07612419128418,53.30532455444336,35.08723831176758,146425.0
2025-09-24,34.81989669799805,29.73238754272461,53.50867462158203,35.268890380859375,146492.0
2025-09-25,34.5416259765625,29.495405197143555,53.8044548034668,34.75261306762695,145306.0
2025-09-26,34.712181091308594,29.3951416015625,52.769222259521484,34.72393798828125,145447.0
2025-09-29,34.909664154052734,28.994089126586914,52.94483947753906,34.87759017944336,146337.0
2025-09-30,35.07124328613281,28.675073623657227,53.222137451171875,35.08856964111328,146237.0
2025-10-01,34.44048309326172,28.602155685424805,53.896888732910156,34.32139587402344,145517.0
2025-10-02,34.06330490112305,28.328712463378906,54.25736999511719,34.64744567871094,143950.0
2025-10-03,34.31475830078125,28.255794525146484,54.155696868896484,34.90636444091797,144201.0
2025-10-06,33.919620513916016,28.000579833984375,55.080013275146484,34.215904235839844,143608.0
2025-10-07,33.380775451660156,28.100841522216797,54.303585052490234,34.26385498046875,141356.0
2025-10-08,33.44364547729492,27.93677520751953,54.71953201293945,34.04329299926758,142145.0
2025-10-09,33.3897590637207,27.53572654724121,54.63634490966797,35.67353439331055,141708.0
2025-10-10,33.353843688964844,27.289628982543945,54.41450500488281,35.18446731567383,140680.0
2025-10-13,33.488548278808594,27.553956985473633,55.227901458740234,36.28727722167969,141783.0
2025-10-14,33.632240295410156,27.362546920776367,55.227901458740234,35.79819869995117,141683.0
2025-10-15,33.632240295410156,27.11644744873047,56.2538948059082,35.88450622558594,142604.0
2025-10-16,33.55141067504883,26.84300422668457,55.73627853393555,36.853065490722656,142200.0
2025-10-17,33.66816329956055,27.098217010498047,55.57914352416992,38.50248718261719,143399.0
2025-10-20,34.269859313964844,27.11644744873047,56.290870666503906,37.917518615722656,144509.0
2025-10-21,33.946563720703125,26.897693634033203,56.19843292236328,38.042179107666016,144085.0
2025-10-22,34.22495651245117,27.207597732543945,57.19669723510742,38.3778190612793,144873.0
2025-10-23,34.19801712036133,27.51749610900879,57.085777282714844,39.73955154418945,145721.0
2025-10-24,34.153114318847656,27.1984806060791,57.058048248291016,39.67242431640625,146172.0
2025-10-27,34.44048309326172,27.344316482543945,56.99334716796875,39.960113525390625,146969.0
2025-10-28,34.55723571777344,27.335201263427734,57.49247741699219,40.58344268798828,147429.0
2025-10-29,35.329566955566406,27.362546920776367,58.536956787109375,40.32452392578125,148633.0
2025-10-30,35.2846565246582,27.244054794311523,58.980628967285156,39.7491455078125,148780.0
2025-10-31,35.419376373291016,27.11644744873047,60.32088851928711,40.372467041015625,149540.0
2025-11-03,36.0102424621582,27.435466766357422,60.404075622558594,41.04374694824219,150454.0
2025-11-04,35.90243148803711,27.572185516357422,59.72932815551758,40.99579620361328,150704.0
2025-11-05,36.0551643371582,28.11907386779785,60.75532150268555,41.724613189697266,153294.0
2025-11-06,36.0551643371582,28.264907836914062,60.542720794677734,42.10820007324219,153339.0
2025-11-07,36.091102600097656,29.331336975097656,59.87721252441406,43.15346908569336,154064.0
2025-11-10,36.333683013916016,29.495405197143555,60.2746696472168,43.5082893371582,155257.0
2025-11-11,37.03449249267578,30.261043548583984,60.11753845214844,44.141204833984375,157749.0
2025-11-12,36.18992614746094,29.486286163330078,60.78304672241211,43.0479850769043,157633.0
2025-11-13,36.333683013916016,29.613895416259766,60.69985580444336,42.980857849121094,157162.0
2025-11-14,36.47744369506836,29.8053035736084,60.33012771606445,42.61644744873047,157739.0
2025-11-17,36.2078971862793,29.969369888305664,60.28391647338867,42.16573715209961,156993.0
2025-11-18,36.02820587158203,30.06963539123535,60.09904861450195,41.6574821472168,156522.0
2025-11-19,35.80359649658203,29.914682388305664,60.03434753417969,41.85886764526367,155381.0
2025-11-21,35.91142272949219,29.686811447143555,60.228458404541016,41.44651412963867,154770.0
2025-11-24,35.776641845703125,29.65947151184082,60.16374969482422,41.41774368286133,155278.0
2025-11-25,35.857505798339844,29.422483444213867,60.635154724121094,41.19717788696289,155910.0
2025-11-26,36.70206069946289,29.376911163330078,61.540985107421875,42.57809066772461,158555.0
2025-11-27,36.57626724243164,29.531864166259766,61.309906005859375,42.24245834350586,158292.0
2025-11-28,37.41184616088867,28.975862503051758,62.29892349243164,42.43424606323242,159072.0
2025-12-01,37.12208938598633,29.030550003051758,62.77956771850586,43.32608413696289,158611.0
2025-12-02,37.94903564453125,29.2310733795166,63.29719161987305,43.738441467285156,161092.0
2025-12-03,37.94903564453125,29.449831008911133,65.33992767333984,43.201419830322266,161755.0
2025-12-04,38.883827209472656,29.641239166259766,66.47683715820312,44.0761604309082,164456.0
2025-12-05,37.08613586425781,28.593040466308594,64.90550231933594,45.23860168457031,157369.0
2025-12-08,37.26591110229492,28.85736846923828,64.46182250976562,46.275123596191406,158187.0
2025-12-09,37.18501663208008,29.03966522216797,64.49879455566406,46.1685676574707,157981.0
2025-12-10,37.477664947509766,29.11258316040039,65.68191528320312,46.95322036743164,159075.0
2025-12-11,37.44915771484375,28.629499435424805,66.55078125,47.03071212768555,159189.0
2025-12-12,37.7817497253418,28.79356575012207,66.73731231689453,47.97036361694336,160766.0
2025-12-15,38.351890563964844,28.893827438354492,67.1458511352539,48.1253547668457,162482.0
2025-12-16,37.36362838745117,28.018810272216797,67.39875793457031,48.37721252441406,158578.0
2025-12-17,37.03104782104492,28.328712463378906,68.25473022460938,48.24159240722656,157327.0
2025-12-18,37.22108840942383,28.164644241333008,68.42981719970703,48.43533706665039,157923.0
2025-12-19,37.56319808959961,28.264907836914062,68.91617584228516,48.164100646972656,158473.0
2025-12-22,37.63920593261719,28.346942901611328,70.92967224121094,47.34797286987305,158142.0
2025-12-23,38.25686264038086,28.49938201904297,70.91022491455078,47.96391296386719,160456.0
2025-12-26,38.26921844482422,28.59341049194336,71.12422180175781,48.43083572387695,160897.0
2025-12-29,38.151763916015625,28.8942928314209,70.1515121459961,48.39109802246094,160490.0
2025-12-30,38.39645767211914,28.978918075561523,69.99588012695312,48.192405700683594,161125.0
2026-01-02,38.335933685302734,28.87548828125,70.40441131591797,47.93410873413086,160539.0
2026-01-05,38.89407730102539,28.39595603942871,71.12422180175781,47.765220642089844,161870.0
2026-01-06,39.12908172607422,27.869407653808594,73.79915618896484,47.85463333129883,163664.0
2026-01-07,38.50239181518555,28.048057556152344,74.23686981201172,47.3877067565918,161975.0
2026-01-08,39.09970474243164,28.39595603942871,73.51707458496094,45.41073989868164,162937.0
2026-01-09,39.02136993408203,28.489980697631836,72.68054962158203,45.79818344116211,163370.0
2026-01-12,38.668853759765625,28.54640007019043,72.69999694824219,46.443931579589844,163150.0
2026-01-13,38.35551452636719,29.279802322387695,73.29335021972656,46.09622573852539,161973.0
2026-01-14,38.77656173706055,30.079025268554688,76.76590728759766,46.70222473144531,165146.0
2026-01-15,39.1094970703125,29.890975952148438,76.69781494140625,46.135955810546875,165568.0
2026-01-16,38.78636169433594,30.126041412353516,76.72699737548828,46.01674270629883,164800.0
2026-01-19,38.72760772705078,30.248273849487305,76.42546081542969,45.917396545410156,164849.0
2026-01-20,39.08991241455078,30.36110496520996,77.89424896240234,46.12602615356445,166277.0
2026-01-21,40.80352020263672,31.433008193969727,80.2481918334961,47.2784309387207,171817.0
2026-01-22,42.1842155456543,31.57404899597168,80.71509552001953,48.90769577026367,175589.0
2026-01-23,42.66402053833008,32.946834564208984,82.69940948486328,49.54350280761719,178859.0
2026-01-26,43.23196029663086,33.24771499633789,80.8026351928711,51.27210998535156,178721.0
2026-01-27,44.377628326416016,33.971717834472656,82.58268737792969,52.354976654052734,181919.0
2026-01-28,45.37642288208008,35.10943603515625,84.59618377685547,51.23237228393555,184691.0
2026-01-29,45.19038009643555,35.44792938232422,85.02417755126953,51.72909927368164,183134.0
2026-01-30,44.55388641357422,35.50434494018555,82.01851654052734,51.38139343261719,181364.0
2026-02-02,44.943946838378906,35.015411376953125,82.50486755371094,51.609886169433594,182793.0
2026-02-03,45.198638916015625,35.33510208129883,86.56105041503906,53.64646530151367,185674.0
2026-02-04,43.70964813232422,35.278682708740234,86.98904418945312,51.06348419189453,181708.0
2026-02-05,44.59129333496094,34.78974914550781,84.09037780761719,51.868186950683594,182127.0
2026-02-06,45.79618835449219,34.460655212402344,83.29275512695312,51.510536193847656,182950.0
2026-02-09,47.324371337890625,35.090633392333984,84.9269027709961,53.39809799194336,186241.0
2026-02-10,47.43212127685547,35.118839263916016,84.67400360107422,52.056941986083984,185929.0
2026-02-11,48.362735748291016,35.805233001708984,87.63101959228516,53.23915100097656,189699.0
2026-02-12,47.255794525146484,34.8931770324707,86.79450225830078,53.676265716552734,187766.0
2026-02-13,46.79538345336914,34.686317443847656,84.65454864501953,53.44777297973633,186464.0
2026-02-18,47.010894775390625,34.9683952331543,81.62943267822266,53.04045867919922,186016.0
2026-02-19,47.55946350097656,35.551361083984375,81.18199157714844,51.03368377685547,188534.0
2026-02-20,48.225589752197266,35.70180130004883,84.4405517578125,51.64962387084961,190534.0
2026-02-23,46.481903076171875,36.284767150878906,85.00472259521484,51.629756927490234,188854.0
2026-02-24,47.18721389770508,37.20622253417969,85.33544158935547,51.073421478271484,191490.0
2026-02-25,46.814979553222656,37.20622253417969,87.5143051147461,49.9508171081543,191248.0
2026-02-26,46.69742202758789,37.24383544921875,86.7750473022461,49.05671310424805,191005.0
2026-02-27,45.82558059692383,36.98056411743164,86.05524444580078,49.37461853027344,188787.0
2026-03-02,45.00061798095703,38.67303466796875,85.75370788574219,48.37123107910156,189307.0
2026-03-03,43.491451263427734,38.503787994384766,82.17415618896484,47.08967971801758,183105.0
2026-03-04,44.108829498291016,38.08066940307617,81.79479217529297,47.030067443847656,185366.0
2026-03-05,42.63887023925781,38.259315490722656,79.07122039794922,46.40419006347656,180464.0
2026-03-06,42.07047653198242,39.64150619506836,76.7075424194336,46.314781188964844,179365.0
2026-03-09,42.295875549316406,40.58177185058594,77.09662628173828,46.275047302246094,180915.0
2026-03-10,42.923065185546875,40.365509033203125,78.36114501953125,46.88105010986328,183447.0
2026-03-11,43.01125717163086,42.12379837036133,77.67052459716797,46.573081970214844,183969.0
2026-03-12,41.83528518676758,42.31185531616211,77.0771713256836,45.520015716552734,179285.0
2026-03-13,41.55109405517578,42.001564025878906,76.16283416748047,45.907466888427734,177653.0
2026-03-16,42.13908004760742,43.1204833984375,76.6880874633789,45.669036865234375,179875.0
2026-03-17,41.854888916015625,43.60941696166992,76.80481719970703,45.89753341674805,180410.0
2026-03-18,41.433494567871094,44.192378997802734,75.02476501464844,45.85779571533203,179640.0
2026-03-19,41.72748565673828,43.98551940917969,74.53840637207031,46.284976959228516,180271.0
2026-03-20,41.05448913574219,42.94182586669922,73.4878921508789,45.65910339355469,176219.0
2026-03-23,42.26981735229492,43.28032302856445,75.37493896484375,47.04313659667969,181932.0
2026-03-24,42.03268814086914,44.44625473022461,75.9682846069336,47.24226379394531,182509.0
2026-03-25,42.58600997924805,44.66250991821289,77.37871551513672,47.96906280517578,185424.0
2026-03-26,41.43983459472656,45.151451110839844,76.75618743896484,47.311954498291016,182733.0
2026-03-27,40.955684661865234,46.458412170410156,76.8437271118164,47.20243453979492,181557.0
2026-03-30,41.10388946533203,46.702880859375,77.330078125,48.83525466918945,182514.0
2026-03-31,42.96147537231445,45.76261901855469,80.22874450683594,50.78667449951172,187462.0
2026-04-01,43.325416564941406,44.54027557373047,80.73454284667969,50.78667449951172,187953.0
2026-04-02,42.801517486572266,45.273685455322266,81.26953887939453,50.08974075317383,188052.0
2026-04-06,42.98933792114258,46.01648712158203,80.82208251953125,50.398380279541016,188162.0
2026-04-07,42.959678649902344,45.61217498779297,81.40571594238281,50.428253173828125,188259.0
2026-04-08,44.46218490600586,43.825679779052734,83.25384521484375,52.538970947265625,192201.0
2026-04-09,45.22331619262695,45.03861999511719,82.37841796875,52.2701530456543,195129.0
2026-04-10,45.53963088989258,46.101112365722656,83.25384521484375,52.64848709106445,197324.0
2026-04-13,45.302391052246094,46.806312561035156,84.97554016113281,51.81216812133789,198001.0
2026-04-14,45.99433517456055,45.019813537597656,85.88988494873047,51.67277908325195,198657.0
2026-04-15,46.49846267700195,44.088951110839844,86.02606201171875,49.741268157958984,197738.0
2026-04-16,46.43915557861328,45.67799758911133,85.05335998535156,48.18810272216797,196819.0
2026-04-17,46.26123046875,43.45897674560547,87.30030822753906,48.437007904052734,195734.0
2026-04-20,45.8361701965332,44.211185455322266,86.30815124511719,48.26775360107422,196132.0
2026-04-22,44.51160430908203,44.82235336303711,84.83936309814453,46.983394622802734,192889.0
2026-04-23,43.6713981628418,45.54999542236328,83.62348175048828,48.068626403808594,191378.0
2026-04-24,43.85920333862305,44.968345642089844,83.52621459960938,47.590728759765625,190745.0
2026-04-27,43.48358154296875,45.168582916259766,83.16630554199219,47.97901916503906,189579.0
2026-04-28,43.592315673828125,45.31161880493164,82.08660888671875,47.08296203613281,188619.0
2026-04-29,42.376468658447266,46.6846923828125,77.27171325683594,43.90692901611328,184750.0
2026-04-30,42.692787170410156,46.79912185668945,78.96421813964844,44.66360092163086,187318.0
2026-05-04,41.92953109741211,47.047035217285156,76.51300811767578,44.16579055786133,185600.0
2026-05-05,41.988868713378906,46.39863586425781,76.25037384033203,43.34938049316406,186754.0
2026-05-06,41.31641387939453,45.07323455810547,79.01286315917969,44.743247985839844,187691.0
2026-05-07,40.337398529052734,44.0720329284668,77.884521484375,44.11600875854492,183218.0
2026-05-08,40.80218505859375,43.54758834838867,78.59459686279297,45.32071304321289,184108.0
2026-05-11,39.88250732421875,44.27227020263672,81.17225646972656,43.9666633605957,181909.0
2026-05-12,39.42760467529297,43.55712890625,80.97772216796875,43.200035095214844,180342.0
2026-05-13,39.190269470214844,42.49871063232422,81.99906158447266,43.12038803100586,177098.0
2026-05-14,39.951725006103516,42.90872573852539,80.60809326171875,43.52859115600586,178366.0
2026-05-15,39.259490966796875,43.35688781738281,81.22090148925781,42.9411735534668,177284.0
2026-05-18,39.180381774902344,44.28180694580078,79.59648132324219,42.154632568359375,176976.0
2026-05-19,38.34969711303711,43.94807434082031,78.80858612060547,41.63690948486328,174279.0
2026-05-20,39.22982406616211,42.527313232421875,79.7618408203125,42.393585205078125,177356.0
2026-05-21,39.67483139038086,42.86104965209961,80.37464141845703,42.28406524658203,177650.0
2026-05-22,38.992488861083984,42.41289520263672,80.83181762695312,42.54292678833008,176210.0
2026-05-25,39.87261199951172,41.38308334350586,81.30844116210938,43.12038803100586,177359.0
2026-05-26,39.615501403808594,41.42122268676758,80.8026351928711,43.24981689453125,176589.0
2026-05-27,39.87261199951172,40.83003616333008,81.17225646972656,43.2597770690918,175744.0
2026-05-28,39.5561637878418,40.53444290161133,81.66834259033203,43.52859115600586,175063.0
2026-05-29,39.59571838378906,40.04814529418945,80.55945587158203,43.90692901611328,173788.0
2026-06-01,38.940948486328125,40.40094757080078,79.47002410888672,42.81174087524414,172198.0
2026-06-02,39.13882064819336,40.304935455322266,82.6799545288086,41.81612014770508,174198.0
2026-06-03,38.30776596069336,39.99467468261719,79.55757141113281,41.597084045410156,170331.0
2026-06-05,38.41659164428711,39.6456298828125,76.55191040039062,42.27410888671875,169019.0
2026-06-08,38.109886169433594,39.96559143066406,75.9391098022461,43.80736541748047,168669.0
2026-06-09,38.80244064331055,39.91710662841797,76.35736846923828,43.14030075073242,169813.0
2026-06-10,38.940948486328125,40.382503509521484,75.5792007446289,42.20441436767578,168619.0
2026-06-11,40.06880569458008,40.48915481567383,76.64918518066406,42.16458511352539,171497.0
2026-06-12,40.16773986816406,39.92680740356445,77.00907897949219,42.42345428466797,171133.0
2026-06-15,39.96987533569336,37.87132263183594,78.94477081298828,42.592708587646484,170415.0
2026-06-16,40.019344329833984,37.367149353027344,79.21712493896484,42.642486572265625,169649.0
2026-06-17,40.36561584472656,37.39623260498047,77.60243225097656,43.608238220214844,168454.0
2026-06-18,40.05891799926758,37.66770935058594,77.75807189941406,45.60944366455078,168278.0
2026-06-19,39.801239013671875,37.619232177734375,78.54595947265625,44.96228790283203,168576.0
2026-06-22,40.8693962097168,37.97797393798828,78.70159149169922,45.156307220458984,170370.0
2026-06-23,40.97920227050781,38.13310623168945,77.21334838867188,45.615352630615234,171259.0
2026-06-24,40.89934539794922,37.124755859375,75.60839080810547,46.513492584228516,170507.0
2026-06-25,41.62808609008789,37.27988815307617,76.51300811767578,46.40372085571289,171990.0
2026-06-26,42.16715621948242,36.901756286621094,76.01692199707031,46.802894592285156,173295.0
2026-06-29,42.33686065673828,36.97932052612305,75.99746704101562,46.693119049072266,173205.0
2026-06-30,42.107261657714844,36.64966583251953,75.75428771972656,46.812870025634766,172024.0
2026-07-01,42.38508224487305,36.67875671386719,75.84183502197266,46.164215087890625,171689.0
2026-07-02,42.415042877197266,36.8047981262207,76.1044692993164,46.164215087890625,172788.0
2026-07-03,42.6846923828125,37.08597183227539,76.6880874633789,46.38376235961914,174266.0
2026-07-06,42.50492858886719,36.62057876586914,75.666748046875,46.164215087890625,172448.0
2026-07-07,42.37509536743164,37.27018737792969,74.12014770507812,45.7750244140625,172021.0
2026-07-08,41.835792541503906,38.44336700439453,70.7156753540039,45.256099700927734,170654.0
2026-07-09,42.534889221191406,38.01675796508789,71.15339660644531,45.645294189453125,172742.0
2026-07-10,44.242671966552734,38.44336700439453,72.15528106689453,46.4136962890625,177866.0
2026-07-13,43.463680267333984,39.422630310058594,70.86158752441406,44.29808807373047,175739.0
2026-07-14,43.573543548583984,39.422630310058594,71.98992919921875,44.108482360839844,176641.0
2026-07-15,43.084171295166016,39.354759216308594,72.47628021240234,44.168357849121094,176011.0
2026-07-16,42.494937896728516,38.676063537597656,70.988037109375,43.39995193481445,173825.0
2026-07-17,41.905696868896484,39.65532684326172,70.94913482666016,43.5396614074707,173714.0
2026-07-20,42.24525833129883,39.89772033691406,69.9666976928711,43.04069900512695,173371.0
2026-07-21,42.4749641418457,40.39219665527344,70.39469146728516,42.38206481933594,173326.0
2026-07-22,42.844486236572266,41.284202575683594,73.0501708984375,46.64322280883789,177548.0
2026-07-23,42.50492858886719,41.642940521240234,73.61434173583984,45.575435638427734,176724.0
2026-07-24,42.0455207824707,40.92546081542969,73.18634796142578,45.894775390625,174042.0
2026-07-27,42.6347541809082,39.76197814941406,73.62406921386719,46.30392837524414,175335.0
2026-07-28,42.804534912109375,39.95589065551758,73.62406921386719,46.60330581665039,176565.0
2026-07-29,41.7658805847168,40.72185134887695,73.00154113769531,45.54549789428711,173885.0
2026-07-30,42.6846923828125,41.53628921508789,74.01314544677734,46.72305679321289,177159.0
2026-07-31,42.834495544433594,42.098636627197266,74.19796752929688,47.102272033691406,177999.0
2026-08-03,43.132415771484375,41.739898681640625,72.60272979736328,48.10020065307617,178000.0
2026-08-04,42.06334686279297,41.206634521484375,74.22714233398438,49.06818771362305,177895.0
2026-08-05,42.343109130859375,40.65398025512695,74.56759643554688,48.69895553588867,177726.0
2026-08-06,41.79358673095703,40.847896575927734,73.33226013183594,48.29978561401367,175546.0
2026-08-07,40.71452713012695,39.62623977661133,72.92372131347656,48.020362854003906,172513.0
2026-08-10,40.38481140136719,40.94485092163086,73.8575210571289,47.53137969970703,172180.0
2026-08-11,38.96604919433594,40.39219665527344,72.36927795410156,47.261940002441406,167875.0
2026-08-12,38.39654541015625,40.18859100341797,73.18000030517578,47.541358947753906,167491.0
2026-08-13,38.276649475097656,40.62489700317383,71.9000015258789,47.401649475097656,167101.0
2026-08-14,38.96604919433594,40.809112548828125,71.30000305175781,47.401649475097656,166934.0
2026-08-17,38.34659194946289,41.17755126953125,71.41000366210938,47.8906364440918,166784.0
2026-08-18,38.15675354003906,41.303592681884766,71.55000305175781,48.3696403503418,166335.0
2026-08-19,38.33659744262695,41.798072814941406,72.12999725341797,48.4095573425293,167830.0
2026-08-20,37.47734451293945,42.971248626708984,74.0199966430664,48.29978561401367,167927.0
2026-08-21,38.5663948059082,42.95185852050781,75.02999877929688,49.16798400878906,171032.0
2026-08-24,38.696285247802734,42.11000061035156,77.12999725341797,48.96839904785156,171907.0
2026-08-25,39.40566635131836,41.349998474121094,78.69999694824219,49.47734451293945,174577.0
2026-08-26,39.4156608581543,41.45000076293945,78.44999694824219,50.31560134887695,174586.0
2026-08-27,39.06595993041992,42.70000076293945,79.11000061035156,50.14595413208008,175135.0
2026-08-28,39.1558837890625,43.54999923706055,78.58000183105469,49.87651443481445,175665.0
2026-08-31,39.485595703125,45.02000045776367,77.8499984741211,50.046165466308594,177419.0
2026-09-01,39.863624572753906,46.869998931884766,78.30000305175781,49.59709548950195,179723.0
2026-09-02,41.39299774169922,48.20000076293945,80.80000305175781,50.73473358154297,185205.0
2026-09-03,41.90278625488281,47.560001373291016,78.44999694824219,51.95220947265625,185188.0
2026-09-04,41.90278625488281,47.11000061035156,78.62000274658203,51.632869720458984,185147.0
2026-09-08,42.41257858276367,48.09000015258789,79.0199966430664,52.54098892211914,187367.0
2026-09-09,41.57292175292969,48.41999816894531,79.0999984741211,51.58297348022461,185629.0
2026-09-10,42.33260726928711,49.119998931884766,78.2300033569336,52.06197738647461,188269.0
2026-09-11,42.71245574951172,49.0,78.19999694824219,51.38338851928711,187207.0
2026-09-14,42.33260726928711,48.91999816894531,75.4800033569336,50.63494110107422,185501.0
2026-09-15,42.6524772644043,50.43000030517578,74.5999984741211,50.77465057373047,186503.0
2026-09-16,42.60249710083008,48.650001525878906,73.0,51.17382049560547,185548.0
2026-09-17,42.56251907348633,48.61000061035156,74.51000213623047,50.974239349365234,185992.0
2026-09-18,42.3126220703125,48.5,73.37000274658203,51.672786712646484,185229.0
2026-09-21,43.062313079833984,48.0,72.55000305175781,51.08000183105469,186596.0
2026-09-22,43.162269592285156,48.349998474121094,72.83000183105469,51.79999923706055,187423.0
2026-09-23,42.35260009765625,49.599998474121094,71.4800033569336,51.15999984741211,185814.0
2026-09-24,41.852806091308594,49.2599983215332,70.66000366210938,50.7400016784668,183966.0
2026-09-25,42.112701416015625,48.06999969482422,70.7699966430664,51.06999969482422,183477.0
2026-09-28,41.69287109375,48.720001220703125,71.16000366210938,50.119998931884766,182991.0
2026-09-29,42.282630920410156,49.099998474121094,69.61000061035156,50.290000915527344,183828.0
2026-09-30,44.261817932128906,49.119998931884766,69.91000366210938,49.459999084472656,186340.0
2026-10-01,44.13999938964844,49.900001525878906,70.37999725341797,49.63999938964844,187198.0
2026-10-02,44.83000183105469,51.16999816894531,72.0999984741211,51.45000076293945,192115.0
2026-10-05,50.18000030517578,56.31999969482422,71.97000122070312,51.099998474121094,209192.9375
